priority,business_name,business_type,city,phone,rating,review_count,preview_url,outreach_message,demo_message,wa_outreach_link,wa_demo_link,notes
100,"TAJOS Barberos (Central)",barberia,Asunción,0982 473078,4.9,237,https://paragu-ai.com/s/es/preview-tajos-barberos-central,"¡Hola! 👋\n\nSoy de Paragu-AI 💈 — ayudamos a negocios como TAJOS Barberos (Central) a tener presencia web profesional.\n\nVi que tienen muy buena presencia en Instagram pero no tienen página web. Hoy en día una barbería con buena página web destaca mucho más. (¡237 reseñas en Google!)\n\n¿Actualmente tienen página web o solo manejan redes sociales?\n\nSi les interesa, les mostramos un demo sin compromiso.\nQuedamos atentos,\nEquipo Paragu-AI","¡Hola de nuevo! 👋\n\nPreparamos algo especial para TAJOS Barberos (Central):\n\n🌐 TAJOS Barberos (Central) — SITIO WEB DE DEMO:\nhttps://paragu-ai.com/s/es/preview-tajos-barberos-central\n\nEste demo está basado en lo que vimos de su negocio. Tiene secciones de servicios, galería, equipo, contacto y más. Se ve perfecto en celulares.\n\n¿Les gustaría agendar una llamada de 10 minutos para ver cómo personalizarlo con sus fotos y colores?\n\nSaludos,\nEquipo Paragu-AI",https://wa.me/595982473078?text=%C2%A1Hola!%20%F0%9F%91%8B%0A%0ASoy%20de%20Paragu-AI%20%F0%9F%92%88%20%E2%80%94%20ayudamos%20a%20negocios%20como%20TAJOS%20Barberos%20(Central)%20a%20tener%20presencia%20web%20profesional.%0A%0AVi%20que%20tienen%20muy%20buena%20presencia%20en%20Instagram%20pero%20no%20tienen%20p%C3%A1gina%20web.%20Hoy%20en%20d%C3%ADa%20una%20barber%C3%ADa%20con%20buena%20p%C3%A1gina%20web%20destaca%20mucho%20m%C3%A1s.%20(%C2%A1237%20rese%C3%B1as%20en%20Google!)%0A%0A%C2%BFActualmente%20tienen%20p%C3%A1gina%20web%20o%20solo%20manejan%20redes%20sociales%3F%0A%0ASi%20les%20interesa%2C%20les%20mostramos%20un%20demo%20sin%20compromiso.%0AQuedamos%20atentos%2C%0AEquipo%20Paragu-AI,https://wa.me/595982473078?text=%C2%A1Hola%20de%20nuevo!%20%F0%9F%91%8B%0A%0APreparamos%20algo%20especial%20para%20TAJOS%20Barberos%20(Central)%3A%0A%0A%F0%9F%8C%90%20TAJOS%20Barberos%20(Central)%20%E2%80%94%20SITIO%20WEB%20DE%20DEMO%3A%0Ahttps%3A%2F%2Fparagu-ai.com%2Fs%2Fes%2Fpreview-tajos-barberos-central%0A%0AEste%20demo%20est%C3%A1%20basado%20en%20lo%20que%20vimos%20de%20su%20negocio.%20Tiene%20secciones%20de%20servicios%2C%20galer%C3%ADa%2C%20equipo%2C%20contacto%20y%20m%C3%A1s.%20Se%20ve%20perfecto%20en%20celulares.%0A%0A%C2%BFLes%20gustar%C3%ADa%20agendar%20una%20llamada%20de%2010%20minutos%20para%20ver%20c%C3%B3mo%20personalizarlo%20con%20sus%20fotos%20y%20colores%3F%0A%0ASaludos%2C%0AEquipo%20Paragu-AI,"🔥 Muy establecido | ⭐ Excelente reputación | 💈 Tendencia, alta conversión esperada"
98,"Lyon Gym",gimnasio,Asunción,0986 657777,4.8,148,https://paragu-ai.com/s/es/preview-lyon-gym,"¡Hola! 👋\n\nSoy de Paragu-AI 🏋️ — ayudamos a negocios como Lyon Gym a tener presencia web profesional.\n\nLos gimnasios con página web captan muchos más clientes nuevos. Pudimos ver que tienen buena reputación pero les falta presencia online. (¡148 reseñas en Google!)\n\n¿Actualmente tienen página web o solo manejan redes sociales?\n\nSi les interesa, les mostramos un demo sin compromiso.\nQuedamos atentos,\nEquipo Paragu-AI","¡Hola de nuevo! 👋\n\nPreparamos algo especial para Lyon Gym:\n\n🌐 Lyon Gym — SITIO WEB DE DEMO:\nhttps://paragu-ai.com/s/es/preview-lyon-gym\n\nEste demo está basado en lo que vimos de su negocio. Tiene secciones de servicios, galería, equipo, contacto y más. Se ve perfecto en celulares.\n\n¿Les gustaría agendar una llamada de 10 minutos para ver cómo personalizarlo con sus fotos y colores?\n\nSaludos,\nEquipo Paragu-AI",https://wa.me/595986657777?text=%C2%A1Hola!%20%F0%9F%91%8B%0A%0ASoy%20de%20Paragu-AI%20%F0%9F%8F%8B%EF%B8%8F%20%E2%80%94%20ayudamos%20a%20negocios%20como%20Lyon%20Gym%20a%20tener%20presencia%20web%20profesional.%0A%0ALos%20gimnasios%20con%20p%C3%A1gina%20web%20captan%20muchos%20m%C3%A1s%20clientes%20nuevos.%20Pudimos%20ver%20que%20tienen%20buena%20reputaci%C3%B3n%20pero%20les%20falta%20presencia%20online.%20(%C2%A1148%20rese%C3%B1as%20en%20Google!)%0A%0A%C2%BFActualmente%20tienen%20p%C3%A1gina%20web%20o%20solo%20manejan%20redes%20sociales%3F%0A%0ASi%20les%20interesa%2C%20les%20mostramos%20un%20demo%20sin%20compromiso.%0AQuedamos%20atentos%2C%0AEquipo%20Paragu-AI,https://wa.me/595986657777?text=%C2%A1Hola%20de%20nuevo!%20%F0%9F%91%8B%0A%0APreparamos%20algo%20especial%20para%20Lyon%20Gym%3A%0A%0A%F0%9F%8C%90%20Lyon%20Gym%20%E2%80%94%20SITIO%20WEB%20DE%20DEMO%3A%0Ahttps%3A%2F%2Fparagu-ai.com%2Fs%2Fes%2Fpreview-lyon-gym%0A%0AEste%20demo%20est%C3%A1%20basado%20en%20lo%20que%20vimos%20de%20su%20negocio.%20Tiene%20secciones%20de%20servicios%2C%20galer%C3%ADa%2C%20equipo%2C%20contacto%20y%20m%C3%A1s.%20Se%20ve%20perfecto%20en%20celulares.%0A%0A%C2%BFLes%20gustar%C3%ADa%20agendar%20una%20llamada%20de%2010%20minutos%20para%20ver%20c%C3%B3mo%20personalizarlo%20con%20sus%20fotos%20y%20colores%3F%0A%0ASaludos%2C%0AEquipo%20Paragu-AI,""
95,"HidroBaby | Babyspa | Spa de bebés | Hidroestimulación",spa,Asunción,0993 444000,5,736,https://paragu-ai.com/s/es/preview-hidrobaby-babyspa-spa-de-bebs-hidroestim,"¡Hola! 👋\n\nSoy de Paragu-AI 🧖 — ayudamos a negocios como HidroBaby | Babyspa | Spa de bebés | Hidroestimulación a tener presencia web profesional.\n\nUn spa con página web transmite mucha más confianza y profesionalismo. Vi sus reseñas excelentes y creo que una web les vendría genial. (¡736 reseñas en Google!)\n\n¿Actualmente tienen página web o solo manejan redes sociales?\n\nSi les interesa, les mostramos un demo sin compromiso.\nQuedamos atentos,\nEquipo Paragu-AI","¡Hola de nuevo! 👋\n\nPreparamos algo especial para HidroBaby | Babyspa | Spa de bebés | Hidroestimulación:\n\n🌐 HidroBaby | Babyspa | Spa de bebés | Hidroestimulación — SITIO WEB DE DEMO:\nhttps://paragu-ai.com/s/es/preview-hidrobaby-babyspa-spa-de-bebs-hidroestim\n\nEste demo está basado en lo que vimos de su negocio. Tiene secciones de servicios, galería, equipo, contacto y más. Se ve perfecto en celulares.\n\n¿Les gustaría agendar una llamada de 10 minutos para ver cómo personalizarlo con sus fotos y colores?\n\nSaludos,\nEquipo Paragu-AI",https://wa.me/595993444000?text=%C2%A1Hola!%20%F0%9F%91%8B%0A%0ASoy%20de%20Paragu-AI%20%F0%9F%A7%96%20%E2%80%94%20ayudamos%20a%20negocios%20como%20HidroBaby%20%7C%20Babyspa%20%7C%20Spa%20de%20beb%C3%A9s%20%7C%20Hidroestimulaci%C3%B3n%20a%20tener%20presencia%20web%20profesional.%0A%0AUn%20spa%20con%20p%C3%A1gina%20web%20transmite%20mucha%20m%C3%A1s%20confianza%20y%20profesionalismo.%20Vi%20sus%20rese%C3%B1as%20excelentes%20y%20creo%20que%20una%20web%20les%20vendr%C3%ADa%20genial.%20(%C2%A1736%20rese%C3%B1as%20en%20Google!)%0A%0A%C2%BFActualmente%20tienen%20p%C3%A1gina%20web%20o%20solo%20manejan%20redes%20sociales%3F%0A%0ASi%20les%20interesa%2C%20les%20mostramos%20un%20demo%20sin%20compromiso.%0AQuedamos%20atentos%2C%0AEquipo%20Paragu-AI,https://wa.me/595993444000?text=%C2%A1Hola%20de%20nuevo!%20%F0%9F%91%8B%0A%0APreparamos%20algo%20especial%20para%20HidroBaby%20%7C%20Babyspa%20%7C%20Spa%20de%20beb%C3%A9s%20%7C%20Hidroestimulaci%C3%B3n%3A%0A%0A%F0%9F%8C%90%20HidroBaby%20%7C%20Babyspa%20%7C%20Spa%20de%20beb%C3%A9s%20%7C%20Hidroestimulaci%C3%B3n%20%E2%80%94%20SITIO%20WEB%20DE%20DEMO%3A%0Ahttps%3A%2F%2Fparagu-ai.com%2Fs%2Fes%2Fpreview-hidrobaby-babyspa-spa-de-bebs-hidroestim%0A%0AEste%20demo%20est%C3%A1%20basado%20en%20lo%20que%20vimos%20de%20su%20negocio.%20Tiene%20secciones%20de%20servicios%2C%20galer%C3%ADa%2C%20equipo%2C%20contacto%20y%20m%C3%A1s.%20Se%20ve%20perfecto%20en%20celulares.%0A%0A%C2%BFLes%20gustar%C3%ADa%20agendar%20una%20llamada%20de%2010%20minutos%20para%20ver%20c%C3%B3mo%20personalizarlo%20con%20sus%20fotos%20y%20colores%3F%0A%0ASaludos%2C%0AEquipo%20Paragu-AI,"🔥 Muy establecido | ⭐ Excelente reputación"
95,"Galilea Estetica",peluqueria,Asunción,0994 681789,5,395,https://paragu-ai.com/s/es/preview-galilea-estetica,"¡Hola! 👋\n\nSoy de Paragu-AI ✂️ — ayudamos a negocios como Galilea Estetica a tener presencia web profesional.\n\nMuchas peluquerías solo tienen Instagram, pero una página web les da mucha más credibilidad y atrae clientes que buscan servicios específicos. (¡395 reseñas en Google!)\n\n¿Actualmente tienen página web o solo manejan redes sociales?\n\nSi les interesa, les mostramos un demo sin compromiso.\nQuedamos atentos,\nEquipo Paragu-AI","¡Hola de nuevo! 👋\n\nPreparamos algo especial para Galilea Estetica:\n\n🌐 Galilea Estetica — SITIO WEB DE DEMO:\nhttps://paragu-ai.com/s/es/preview-galilea-estetica\n\nEste demo está basado en lo que vimos de su negocio. Tiene secciones de servicios, galería, equipo, contacto y más. Se ve perfecto en celulares.\n\n¿Les gustaría agendar una llamada de 10 minutos para ver cómo personalizarlo con sus fotos y colores?\n\nSaludos,\nEquipo Paragu-AI",https://wa.me/595994681789?text=%C2%A1Hola!%20%F0%9F%91%8B%0A%0ASoy%20de%20Paragu-AI%20%E2%9C%82%EF%B8%8F%20%E2%80%94%20ayudamos%20a%20negocios%20como%20Galilea%20Estetica%20a%20tener%20presencia%20web%20profesional.%0A%0AMuchas%20peluquer%C3%ADas%20solo%20tienen%20Instagram%2C%20pero%20una%20p%C3%A1gina%20web%20les%20da%20mucha%20m%C3%A1s%20credibilidad%20y%20atrae%20clientes%20que%20buscan%20servicios%20espec%C3%ADficos.%20(%C2%A1395%20rese%C3%B1as%20en%20Google!)%0A%0A%C2%BFActualmente%20tienen%20p%C3%A1gina%20web%20o%20solo%20manejan%20redes%20sociales%3F%0A%0ASi%20les%20interesa%2C%20les%20mostramos%20un%20demo%20sin%20compromiso.%0AQuedamos%20atentos%2C%0AEquipo%20Paragu-AI,https://wa.me/595994681789?text=%C2%A1Hola%20de%20nuevo!%20%F0%9F%91%8B%0A%0APreparamos%20algo%20especial%20para%20Galilea%20Estetica%3A%0A%0A%F0%9F%8C%90%20Galilea%20Estetica%20%E2%80%94%20SITIO%20WEB%20DE%20DEMO%3A%0Ahttps%3A%2F%2Fparagu-ai.com%2Fs%2Fes%2Fpreview-galilea-estetica%0A%0AEste%20demo%20est%C3%A1%20basado%20en%20lo%20que%20vimos%20de%20su%20negocio.%20Tiene%20secciones%20de%20servicios%2C%20galer%C3%ADa%2C%20equipo%2C%20contacto%20y%20m%C3%A1s.%20Se%20ve%20perfecto%20en%20celulares.%0A%0A%C2%BFLes%20gustar%C3%ADa%20agendar%20una%20llamada%20de%2010%20minutos%20para%20ver%20c%C3%B3mo%20personalizarlo%20con%20sus%20fotos%20y%20colores%3F%0A%0ASaludos%2C%0AEquipo%20Paragu-AI,"🔥 Muy establecido | ⭐ Excelente reputación"
95,"Centro Médico Corppolive",peluqueria,Asunción,0971 568547,5,259,https://paragu-ai.com/s/es/preview-centro-mdico-corppolive,"¡Hola! 👋\n\nSoy de Paragu-AI ✂️ — ayudamos a negocios como Centro Médico Corppolive a tener presencia web profesional.\n\nMuchas peluquerías solo tienen Instagram, pero una página web les da mucha más credibilidad y atrae clientes que buscan servicios específicos. (¡259 reseñas en Google!)\n\n¿Actualmente tienen página web o solo manejan redes sociales?\n\nSi les interesa, les mostramos un demo sin compromiso.\nQuedamos atentos,\nEquipo Paragu-AI","¡Hola de nuevo! 👋\n\nPreparamos algo especial para Centro Médico Corppolive:\n\n🌐 Centro Médico Corppolive — SITIO WEB DE DEMO:\nhttps://paragu-ai.com/s/es/preview-centro-mdico-corppolive\n\nEste demo está basado en lo que vimos de su negocio. Tiene secciones de servicios, galería, equipo, contacto y más. Se ve perfecto en celulares.\n\n¿Les gustaría agendar una llamada de 10 minutos para ver cómo personalizarlo con sus fotos y colores?\n\nSaludos,\nEquipo Paragu-AI",https://wa.me/595971568547?text=%C2%A1Hola!%20%F0%9F%91%8B%0A%0ASoy%20de%20Paragu-AI%20%E2%9C%82%EF%B8%8F%20%E2%80%94%20ayudamos%20a%20negocios%20como%20Centro%20M%C3%A9dico%20Corppolive%20a%20tener%20presencia%20web%20profesional.%0A%0AMuchas%20peluquer%C3%ADas%20solo%20tienen%20Instagram%2C%20pero%20una%20p%C3%A1gina%20web%20les%20da%20mucha%20m%C3%A1s%20credibilidad%20y%20atrae%20clientes%20que%20buscan%20servicios%20espec%C3%ADficos.%20(%C2%A1259%20rese%C3%B1as%20en%20Google!)%0A%0A%C2%BFActualmente%20tienen%20p%C3%A1gina%20web%20o%20solo%20manejan%20redes%20sociales%3F%0A%0ASi%20les%20interesa%2C%20les%20mostramos%20un%20demo%20sin%20compromiso.%0AQuedamos%20atentos%2C%0AEquipo%20Paragu-AI,https://wa.me/595971568547?text=%C2%A1Hola%20de%20nuevo!%20%F0%9F%91%8B%0A%0APreparamos%20algo%20especial%20para%20Centro%20M%C3%A9dico%20Corppolive%3A%0A%0A%F0%9F%8C%90%20Centro%20M%C3%A9dico%20Corppolive%20%E2%80%94%20SITIO%20WEB%20DE%20DEMO%3A%0Ahttps%3A%2F%2Fparagu-ai.com%2Fs%2Fes%2Fpreview-centro-mdico-corppolive%0A%0AEste%20demo%20est%C3%A1%20basado%20en%20lo%20que%20vimos%20de%20su%20negocio.%20Tiene%20secciones%20de%20servicios%2C%20galer%C3%ADa%2C%20equipo%2C%20contacto%20y%20m%C3%A1s.%20Se%20ve%20perfecto%20en%20celulares.%0A%0A%C2%BFLes%20gustar%C3%ADa%20agendar%20una%20llamada%20de%2010%20minutos%20para%20ver%20c%C3%B3mo%20personalizarlo%20con%20sus%20fotos%20y%20colores%3F%0A%0ASaludos%2C%0AEquipo%20Paragu-AI,"🔥 Muy establecido | ⭐ Excelente reputación"
95,"RENUVA - Clínica estética y laser",depilacion,Asunción,0981 521527,4.8,248,https://paragu-ai.com/s/es/preview-renuva-clnica-esttica-y-laser,"¡Hola! 👋\n\nSoy de Paragu-AI ✨ — ayudamos a negocios como RENUVA - Clínica estética y laser a tener presencia web profesional.\n\nLa depilación láser es un servicio que la gente investiga mucho antes de ir. Una página web con sus tratamientos y precios les daría mucha ventaja. (¡248 reseñas en Google!)\n\n¿Actualmente tienen página web o solo manejan redes sociales?\n\nSi les interesa, les mostramos un demo sin compromiso.\nQuedamos atentos,\nEquipo Paragu-AI","¡Hola de nuevo! 👋\n\nPreparamos algo especial para RENUVA - Clínica estética y laser:\n\n🌐 RENUVA - Clínica estética y laser — SITIO WEB DE DEMO:\nhttps://paragu-ai.com/s/es/preview-renuva-clnica-esttica-y-laser\n\nEste demo está basado en lo que vimos de su negocio. Tiene secciones de servicios, galería, equipo, contacto y más. Se ve perfecto en celulares.\n\n¿Les gustaría agendar una llamada de 10 minutos para ver cómo personalizarlo con sus fotos y colores?\n\nSaludos,\nEquipo Paragu-AI",https://wa.me/595981521527?text=%C2%A1Hola!%20%F0%9F%91%8B%0A%0ASoy%20de%20Paragu-AI%20%E2%9C%A8%20%E2%80%94%20ayudamos%20a%20negocios%20como%20RENUVA%20-%20Cl%C3%ADnica%20est%C3%A9tica%20y%20laser%20a%20tener%20presencia%20web%20profesional.%0A%0ALa%20depilaci%C3%B3n%20l%C3%A1ser%20es%20un%20servicio%20que%20la%20gente%20investiga%20mucho%20antes%20de%20ir.%20Una%20p%C3%A1gina%20web%20con%20sus%20tratamientos%20y%20precios%20les%20dar%C3%ADa%20mucha%20ventaja.%20(%C2%A1248%20rese%C3%B1as%20en%20Google!)%0A%0A%C2%BFActualmente%20tienen%20p%C3%A1gina%20web%20o%20solo%20manejan%20redes%20sociales%3F%0A%0ASi%20les%20interesa%2C%20les%20mostramos%20un%20demo%20sin%20compromiso.%0AQuedamos%20atentos%2C%0AEquipo%20Paragu-AI,https://wa.me/595981521527?text=%C2%A1Hola%20de%20nuevo!%20%F0%9F%91%8B%0A%0APreparamos%20algo%20especial%20para%20RENUVA%20-%20Cl%C3%ADnica%20est%C3%A9tica%20y%20laser%3A%0A%0A%F0%9F%8C%90%20RENUVA%20-%20Cl%C3%ADnica%20est%C3%A9tica%20y%20laser%20%E2%80%94%20SITIO%20WEB%20DE%20DEMO%3A%0Ahttps%3A%2F%2Fparagu-ai.com%2Fs%2Fes%2Fpreview-renuva-clnica-esttica-y-laser%0A%0AEste%20demo%20est%C3%A1%20basado%20en%20lo%20que%20vimos%20de%20su%20negocio.%20Tiene%20secciones%20de%20servicios%2C%20galer%C3%ADa%2C%20equipo%2C%20contacto%20y%20m%C3%A1s.%20Se%20ve%20perfecto%20en%20celulares.%0A%0A%C2%BFLes%20gustar%C3%ADa%20agendar%20una%20llamada%20de%2010%20minutos%20para%20ver%20c%C3%B3mo%20personalizarlo%20con%20sus%20fotos%20y%20colores%3F%0A%0ASaludos%2C%0AEquipo%20Paragu-AI,"🔥 Muy establecido"
95,"Bonita Depilaciones",depilacion,Asunción,0985 881864,4.9,231,https://paragu-ai.com/s/es/preview-bonita-depilaciones,"¡Hola! 👋\n\nSoy de Paragu-AI ✨ — ayudamos a negocios como Bonita Depilaciones a tener presencia web profesional.\n\nLa depilación láser es un servicio que la gente investiga mucho antes de ir. Una página web con sus tratamientos y precios les daría mucha ventaja. (¡231 reseñas en Google!)\n\n¿Actualmente tienen página web o solo manejan redes sociales?\n\nSi les interesa, les mostramos un demo sin compromiso.\nQuedamos atentos,\nEquipo Paragu-AI","¡Hola de nuevo! 👋\n\nPreparamos algo especial para Bonita Depilaciones:\n\n🌐 Bonita Depilaciones — SITIO WEB DE DEMO:\nhttps://paragu-ai.com/s/es/preview-bonita-depilaciones\n\nEste demo está basado en lo que vimos de su negocio. Tiene secciones de servicios, galería, equipo, contacto y más. Se ve perfecto en celulares.\n\n¿Les gustaría agendar una llamada de 10 minutos para ver cómo personalizarlo con sus fotos y colores?\n\nSaludos,\nEquipo Paragu-AI",https://wa.me/595985881864?text=%C2%A1Hola!%20%F0%9F%91%8B%0A%0ASoy%20de%20Paragu-AI%20%E2%9C%A8%20%E2%80%94%20ayudamos%20a%20negocios%20como%20Bonita%20Depilaciones%20a%20tener%20presencia%20web%20profesional.%0A%0ALa%20depilaci%C3%B3n%20l%C3%A1ser%20es%20un%20servicio%20que%20la%20gente%20investiga%20mucho%20antes%20de%20ir.%20Una%20p%C3%A1gina%20web%20con%20sus%20tratamientos%20y%20precios%20les%20dar%C3%ADa%20mucha%20ventaja.%20(%C2%A1231%20rese%C3%B1as%20en%20Google!)%0A%0A%C2%BFActualmente%20tienen%20p%C3%A1gina%20web%20o%20solo%20manejan%20redes%20sociales%3F%0A%0ASi%20les%20interesa%2C%20les%20mostramos%20un%20demo%20sin%20compromiso.%0AQuedamos%20atentos%2C%0AEquipo%20Paragu-AI,https://wa.me/595985881864?text=%C2%A1Hola%20de%20nuevo!%20%F0%9F%91%8B%0A%0APreparamos%20algo%20especial%20para%20Bonita%20Depilaciones%3A%0A%0A%F0%9F%8C%90%20Bonita%20Depilaciones%20%E2%80%94%20SITIO%20WEB%20DE%20DEMO%3A%0Ahttps%3A%2F%2Fparagu-ai.com%2Fs%2Fes%2Fpreview-bonita-depilaciones%0A%0AEste%20demo%20est%C3%A1%20basado%20en%20lo%20que%20vimos%20de%20su%20negocio.%20Tiene%20secciones%20de%20servicios%2C%20galer%C3%ADa%2C%20equipo%2C%20contacto%20y%20m%C3%A1s.%20Se%20ve%20perfecto%20en%20celulares.%0A%0A%C2%BFLes%20gustar%C3%ADa%20agendar%20una%20llamada%20de%2010%20minutos%20para%20ver%20c%C3%B3mo%20personalizarlo%20con%20sus%20fotos%20y%20colores%3F%0A%0ASaludos%2C%0AEquipo%20Paragu-AI,"🔥 Muy establecido | ⭐ Excelente reputación"
95,"Barberia H2O",barberia,San Lorenzo,0972 413121,4.9,194,https://paragu-ai.com/s/es/preview-barberia-h2o,"¡Hola! 👋\n\nSoy de Paragu-AI 💈 — ayudamos a negocios como Barberia H2O a tener presencia web profesional.\n\nVi que tienen muy buena presencia en Instagram pero no tienen página web. Hoy en día una barbería con buena página web destaca mucho más. (¡194 reseñas en Google!)\n\n¿Actualmente tienen página web o solo manejan redes sociales?\n\nSi les interesa, les mostramos un demo sin compromiso.\nQuedamos atentos,\nEquipo Paragu-AI","¡Hola de nuevo! 👋\n\nPreparamos algo especial para Barberia H2O:\n\n🌐 Barberia H2O — SITIO WEB DE DEMO:\nhttps://paragu-ai.com/s/es/preview-barberia-h2o\n\nEste demo está basado en lo que vimos de su negocio. Tiene secciones de servicios, galería, equipo, contacto y más. Se ve perfecto en celulares.\n\n¿Les gustaría agendar una llamada de 10 minutos para ver cómo personalizarlo con sus fotos y colores?\n\nSaludos,\nEquipo Paragu-AI",https://wa.me/595972413121?text=%C2%A1Hola!%20%F0%9F%91%8B%0A%0ASoy%20de%20Paragu-AI%20%F0%9F%92%88%20%E2%80%94%20ayudamos%20a%20negocios%20como%20Barberia%20H2O%20a%20tener%20presencia%20web%20profesional.%0A%0AVi%20que%20tienen%20muy%20buena%20presencia%20en%20Instagram%20pero%20no%20tienen%20p%C3%A1gina%20web.%20Hoy%20en%20d%C3%ADa%20una%20barber%C3%ADa%20con%20buena%20p%C3%A1gina%20web%20destaca%20mucho%20m%C3%A1s.%20(%C2%A1194%20rese%C3%B1as%20en%20Google!)%0A%0A%C2%BFActualmente%20tienen%20p%C3%A1gina%20web%20o%20solo%20manejan%20redes%20sociales%3F%0A%0ASi%20les%20interesa%2C%20les%20mostramos%20un%20demo%20sin%20compromiso.%0AQuedamos%20atentos%2C%0AEquipo%20Paragu-AI,https://wa.me/595972413121?text=%C2%A1Hola%20de%20nuevo!%20%F0%9F%91%8B%0A%0APreparamos%20algo%20especial%20para%20Barberia%20H2O%3A%0A%0A%F0%9F%8C%90%20Barberia%20H2O%20%E2%80%94%20SITIO%20WEB%20DE%20DEMO%3A%0Ahttps%3A%2F%2Fparagu-ai.com%2Fs%2Fes%2Fpreview-barberia-h2o%0A%0AEste%20demo%20est%C3%A1%20basado%20en%20lo%20que%20vimos%20de%20su%20negocio.%20Tiene%20secciones%20de%20servicios%2C%20galer%C3%ADa%2C%20equipo%2C%20contacto%20y%20m%C3%A1s.%20Se%20ve%20perfecto%20en%20celulares.%0A%0A%C2%BFLes%20gustar%C3%ADa%20agendar%20una%20llamada%20de%2010%20minutos%20para%20ver%20c%C3%B3mo%20personalizarlo%20con%20sus%20fotos%20y%20colores%3F%0A%0ASaludos%2C%0AEquipo%20Paragu-AI,"⭐ Excelente reputación | 💈 Tendencia, alta conversión esperada"
95,"Teranu",spa,Asunción,0971 252626,4.8,184,https://paragu-ai.com/s/es/preview-teranu,"¡Hola! 👋\n\nSoy de Paragu-AI 🧖 — ayudamos a negocios como Teranu a tener presencia web profesional.\n\nUn spa con página web transmite mucha más confianza y profesionalismo. Vi sus reseñas excelentes y creo que una web les vendría genial. (¡184 reseñas en Google!)\n\n¿Actualmente tienen página web o solo manejan redes sociales?\n\nSi les interesa, les mostramos un demo sin compromiso.\nQuedamos atentos,\nEquipo Paragu-AI","¡Hola de nuevo! 👋\n\nPreparamos algo especial para Teranu:\n\n🌐 Teranu — SITIO WEB DE DEMO:\nhttps://paragu-ai.com/s/es/preview-teranu\n\nEste demo está basado en lo que vimos de su negocio. Tiene secciones de servicios, galería, equipo, contacto y más. Se ve perfecto en celulares.\n\n¿Les gustaría agendar una llamada de 10 minutos para ver cómo personalizarlo con sus fotos y colores?\n\nSaludos,\nEquipo Paragu-AI",https://wa.me/595971252626?text=%C2%A1Hola!%20%F0%9F%91%8B%0A%0ASoy%20de%20Paragu-AI%20%F0%9F%A7%96%20%E2%80%94%20ayudamos%20a%20negocios%20como%20Teranu%20a%20tener%20presencia%20web%20profesional.%0A%0AUn%20spa%20con%20p%C3%A1gina%20web%20transmite%20mucha%20m%C3%A1s%20confianza%20y%20profesionalismo.%20Vi%20sus%20rese%C3%B1as%20excelentes%20y%20creo%20que%20una%20web%20les%20vendr%C3%ADa%20genial.%20(%C2%A1184%20rese%C3%B1as%20en%20Google!)%0A%0A%C2%BFActualmente%20tienen%20p%C3%A1gina%20web%20o%20solo%20manejan%20redes%20sociales%3F%0A%0ASi%20les%20interesa%2C%20les%20mostramos%20un%20demo%20sin%20compromiso.%0AQuedamos%20atentos%2C%0AEquipo%20Paragu-AI,https://wa.me/595971252626?text=%C2%A1Hola%20de%20nuevo!%20%F0%9F%91%8B%0A%0APreparamos%20algo%20especial%20para%20Teranu%3A%0A%0A%F0%9F%8C%90%20Teranu%20%E2%80%94%20SITIO%20WEB%20DE%20DEMO%3A%0Ahttps%3A%2F%2Fparagu-ai.com%2Fs%2Fes%2Fpreview-teranu%0A%0AEste%20demo%20est%C3%A1%20basado%20en%20lo%20que%20vimos%20de%20su%20negocio.%20Tiene%20secciones%20de%20servicios%2C%20galer%C3%ADa%2C%20equipo%2C%20contacto%20y%20m%C3%A1s.%20Se%20ve%20perfecto%20en%20celulares.%0A%0A%C2%BFLes%20gustar%C3%ADa%20agendar%20una%20llamada%20de%2010%20minutos%20para%20ver%20c%C3%B3mo%20personalizarlo%20con%20sus%20fotos%20y%20colores%3F%0A%0ASaludos%2C%0AEquipo%20Paragu-AI,""
95,"DepiPink - Barrio Herrera",peluqueria,Asunción,0971 226221,4.8,184,https://paragu-ai.com/s/es/preview-depipink-barrio-herrera,"¡Hola! 👋\n\nSoy de Paragu-AI ✂️ — ayudamos a negocios como DepiPink - Barrio Herrera a tener presencia web profesional.\n\nMuchas peluquerías solo tienen Instagram, pero una página web les da mucha más credibilidad y atrae clientes que buscan servicios específicos. (¡184 reseñas en Google!)\n\n¿Actualmente tienen página web o solo manejan redes sociales?\n\nSi les interesa, les mostramos un demo sin compromiso.\nQuedamos atentos,\nEquipo Paragu-AI","¡Hola de nuevo! 👋\n\nPreparamos algo especial para DepiPink - Barrio Herrera:\n\n🌐 DepiPink - Barrio Herrera — SITIO WEB DE DEMO:\nhttps://paragu-ai.com/s/es/preview-depipink-barrio-herrera\n\nEste demo está basado en lo que vimos de su negocio. Tiene secciones de servicios, galería, equipo, contacto y más. Se ve perfecto en celulares.\n\n¿Les gustaría agendar una llamada de 10 minutos para ver cómo personalizarlo con sus fotos y colores?\n\nSaludos,\nEquipo Paragu-AI",https://wa.me/595971226221?text=%C2%A1Hola!%20%F0%9F%91%8B%0A%0ASoy%20de%20Paragu-AI%20%E2%9C%82%EF%B8%8F%20%E2%80%94%20ayudamos%20a%20negocios%20como%20DepiPink%20-%20Barrio%20Herrera%20a%20tener%20presencia%20web%20profesional.%0A%0AMuchas%20peluquer%C3%ADas%20solo%20tienen%20Instagram%2C%20pero%20una%20p%C3%A1gina%20web%20les%20da%20mucha%20m%C3%A1s%20credibilidad%20y%20atrae%20clientes%20que%20buscan%20servicios%20espec%C3%ADficos.%20(%C2%A1184%20rese%C3%B1as%20en%20Google!)%0A%0A%C2%BFActualmente%20tienen%20p%C3%A1gina%20web%20o%20solo%20manejan%20redes%20sociales%3F%0A%0ASi%20les%20interesa%2C%20les%20mostramos%20un%20demo%20sin%20compromiso.%0AQuedamos%20atentos%2C%0AEquipo%20Paragu-AI,https://wa.me/595971226221?text=%C2%A1Hola%20de%20nuevo!%20%F0%9F%91%8B%0A%0APreparamos%20algo%20especial%20para%20DepiPink%20-%20Barrio%20Herrera%3A%0A%0A%F0%9F%8C%90%20DepiPink%20-%20Barrio%20Herrera%20%E2%80%94%20SITIO%20WEB%20DE%20DEMO%3A%0Ahttps%3A%2F%2Fparagu-ai.com%2Fs%2Fes%2Fpreview-depipink-barrio-herrera%0A%0AEste%20demo%20est%C3%A1%20basado%20en%20lo%20que%20vimos%20de%20su%20negocio.%20Tiene%20secciones%20de%20servicios%2C%20galer%C3%ADa%2C%20equipo%2C%20contacto%20y%20m%C3%A1s.%20Se%20ve%20perfecto%20en%20celulares.%0A%0A%C2%BFLes%20gustar%C3%ADa%20agendar%20una%20llamada%20de%2010%20minutos%20para%20ver%20c%C3%B3mo%20personalizarlo%20con%20sus%20fotos%20y%20colores%3F%0A%0ASaludos%2C%0AEquipo%20Paragu-AI,""
95,"ES VEDRÁ San Bernardino",peluqueria,Asunción,0982 272328,4.8,182,https://paragu-ai.com/s/es/preview-es-vedr-san-bernardino,"¡Hola! 👋\n\nSoy de Paragu-AI ✂️ — ayudamos a negocios como ES VEDRÁ San Bernardino a tener presencia web profesional.\n\nMuchas peluquerías solo tienen Instagram, pero una página web les da mucha más credibilidad y atrae clientes que buscan servicios específicos. (¡182 reseñas en Google!)\n\n¿Actualmente tienen página web o solo manejan redes sociales?\n\nSi les interesa, les mostramos un demo sin compromiso.\nQuedamos atentos,\nEquipo Paragu-AI","¡Hola de nuevo! 👋\n\nPreparamos algo especial para ES VEDRÁ San Bernardino:\n\n🌐 ES VEDRÁ San Bernardino — SITIO WEB DE DEMO:\nhttps://paragu-ai.com/s/es/preview-es-vedr-san-bernardino\n\nEste demo está basado en lo que vimos de su negocio. Tiene secciones de servicios, galería, equipo, contacto y más. Se ve perfecto en celulares.\n\n¿Les gustaría agendar una llamada de 10 minutos para ver cómo personalizarlo con sus fotos y colores?\n\nSaludos,\nEquipo Paragu-AI",https://wa.me/595982272328?text=%C2%A1Hola!%20%F0%9F%91%8B%0A%0ASoy%20de%20Paragu-AI%20%E2%9C%82%EF%B8%8F%20%E2%80%94%20ayudamos%20a%20negocios%20como%20ES%20VEDR%C3%81%20San%20Bernardino%20a%20tener%20presencia%20web%20profesional.%0A%0AMuchas%20peluquer%C3%ADas%20solo%20tienen%20Instagram%2C%20pero%20una%20p%C3%A1gina%20web%20les%20da%20mucha%20m%C3%A1s%20credibilidad%20y%20atrae%20clientes%20que%20buscan%20servicios%20espec%C3%ADficos.%20(%C2%A1182%20rese%C3%B1as%20en%20Google!)%0A%0A%C2%BFActualmente%20tienen%20p%C3%A1gina%20web%20o%20solo%20manejan%20redes%20sociales%3F%0A%0ASi%20les%20interesa%2C%20les%20mostramos%20un%20demo%20sin%20compromiso.%0AQuedamos%20atentos%2C%0AEquipo%20Paragu-AI,https://wa.me/595982272328?text=%C2%A1Hola%20de%20nuevo!%20%F0%9F%91%8B%0A%0APreparamos%20algo%20especial%20para%20ES%20VEDR%C3%81%20San%20Bernardino%3A%0A%0A%F0%9F%8C%90%20ES%20VEDR%C3%81%20San%20Bernardino%20%E2%80%94%20SITIO%20WEB%20DE%20DEMO%3A%0Ahttps%3A%2F%2Fparagu-ai.com%2Fs%2Fes%2Fpreview-es-vedr-san-bernardino%0A%0AEste%20demo%20est%C3%A1%20basado%20en%20lo%20que%20vimos%20de%20su%20negocio.%20Tiene%20secciones%20de%20servicios%2C%20galer%C3%ADa%2C%20equipo%2C%20contacto%20y%20m%C3%A1s.%20Se%20ve%20perfecto%20en%20celulares.%0A%0A%C2%BFLes%20gustar%C3%ADa%20agendar%20una%20llamada%20de%2010%20minutos%20para%20ver%20c%C3%B3mo%20personalizarlo%20con%20sus%20fotos%20y%20colores%3F%0A%0ASaludos%2C%0AEquipo%20Paragu-AI,""
95,"Peluquería y Barberia JOSÉ",peluqueria,Asunción,0976 545347,5,169,https://paragu-ai.com/s/es/preview-peluquera-y-barberia-jos,"¡Hola! 👋\n\nSoy de Paragu-AI ✂️ — ayudamos a negocios como Peluquería y Barberia JOSÉ a tener presencia web profesional.\n\nMuchas peluquerías solo tienen Instagram, pero una página web les da mucha más credibilidad y atrae clientes que buscan servicios específicos. (¡169 reseñas en Google!)\n\n¿Actualmente tienen página web o solo manejan redes sociales?\n\nSi les interesa, les mostramos un demo sin compromiso.\nQuedamos atentos,\nEquipo Paragu-AI","¡Hola de nuevo! 👋\n\nPreparamos algo especial para Peluquería y Barberia JOSÉ:\n\n🌐 Peluquería y Barberia JOSÉ — SITIO WEB DE DEMO:\nhttps://paragu-ai.com/s/es/preview-peluquera-y-barberia-jos\n\nEste demo está basado en lo que vimos de su negocio. Tiene secciones de servicios, galería, equipo, contacto y más. Se ve perfecto en celulares.\n\n¿Les gustaría agendar una llamada de 10 minutos para ver cómo personalizarlo con sus fotos y colores?\n\nSaludos,\nEquipo Paragu-AI",https://wa.me/595976545347?text=%C2%A1Hola!%20%F0%9F%91%8B%0A%0ASoy%20de%20Paragu-AI%20%E2%9C%82%EF%B8%8F%20%E2%80%94%20ayudamos%20a%20negocios%20como%20Peluquer%C3%ADa%20y%20Barberia%20JOS%C3%89%20a%20tener%20presencia%20web%20profesional.%0A%0AMuchas%20peluquer%C3%ADas%20solo%20tienen%20Instagram%2C%20pero%20una%20p%C3%A1gina%20web%20les%20da%20mucha%20m%C3%A1s%20credibilidad%20y%20atrae%20clientes%20que%20buscan%20servicios%20espec%C3%ADficos.%20(%C2%A1169%20rese%C3%B1as%20en%20Google!)%0A%0A%C2%BFActualmente%20tienen%20p%C3%A1gina%20web%20o%20solo%20manejan%20redes%20sociales%3F%0A%0ASi%20les%20interesa%2C%20les%20mostramos%20un%20demo%20sin%20compromiso.%0AQuedamos%20atentos%2C%0AEquipo%20Paragu-AI,https://wa.me/595976545347?text=%C2%A1Hola%20de%20nuevo!%20%F0%9F%91%8B%0A%0APreparamos%20algo%20especial%20para%20Peluquer%C3%ADa%20y%20Barberia%20JOS%C3%89%3A%0A%0A%F0%9F%8C%90%20Peluquer%C3%ADa%20y%20Barberia%20JOS%C3%89%20%E2%80%94%20SITIO%20WEB%20DE%20DEMO%3A%0Ahttps%3A%2F%2Fparagu-ai.com%2Fs%2Fes%2Fpreview-peluquera-y-barberia-jos%0A%0AEste%20demo%20est%C3%A1%20basado%20en%20lo%20que%20vimos%20de%20su%20negocio.%20Tiene%20secciones%20de%20servicios%2C%20galer%C3%ADa%2C%20equipo%2C%20contacto%20y%20m%C3%A1s.%20Se%20ve%20perfecto%20en%20celulares.%0A%0A%C2%BFLes%20gustar%C3%ADa%20agendar%20una%20llamada%20de%2010%20minutos%20para%20ver%20c%C3%B3mo%20personalizarlo%20con%20sus%20fotos%20y%20colores%3F%0A%0ASaludos%2C%0AEquipo%20Paragu-AI,"⭐ Excelente reputación"
95,"Portas barber shop",barberia,Fernando de la Mora,0994 215627,4.9,162,https://paragu-ai.com/s/es/preview-portas-barber-shop,"¡Hola! 👋\n\nSoy de Paragu-AI 💈 — ayudamos a negocios como Portas barber shop a tener presencia web profesional.\n\nVi que tienen muy buena presencia en Instagram pero no tienen página web. Hoy en día una barbería con buena página web destaca mucho más. (¡162 reseñas en Google!)\n\n¿Actualmente tienen página web o solo manejan redes sociales?\n\nSi les interesa, les mostramos un demo sin compromiso.\nQuedamos atentos,\nEquipo Paragu-AI","¡Hola de nuevo! 👋\n\nPreparamos algo especial para Portas barber shop:\n\n🌐 Portas barber shop — SITIO WEB DE DEMO:\nhttps://paragu-ai.com/s/es/preview-portas-barber-shop\n\nEste demo está basado en lo que vimos de su negocio. Tiene secciones de servicios, galería, equipo, contacto y más. Se ve perfecto en celulares.\n\n¿Les gustaría agendar una llamada de 10 minutos para ver cómo personalizarlo con sus fotos y colores?\n\nSaludos,\nEquipo Paragu-AI",https://wa.me/595994215627?text=%C2%A1Hola!%20%F0%9F%91%8B%0A%0ASoy%20de%20Paragu-AI%20%F0%9F%92%88%20%E2%80%94%20ayudamos%20a%20negocios%20como%20Portas%20barber%20shop%20a%20tener%20presencia%20web%20profesional.%0A%0AVi%20que%20tienen%20muy%20buena%20presencia%20en%20Instagram%20pero%20no%20tienen%20p%C3%A1gina%20web.%20Hoy%20en%20d%C3%ADa%20una%20barber%C3%ADa%20con%20buena%20p%C3%A1gina%20web%20destaca%20mucho%20m%C3%A1s.%20(%C2%A1162%20rese%C3%B1as%20en%20Google!)%0A%0A%C2%BFActualmente%20tienen%20p%C3%A1gina%20web%20o%20solo%20manejan%20redes%20sociales%3F%0A%0ASi%20les%20interesa%2C%20les%20mostramos%20un%20demo%20sin%20compromiso.%0AQuedamos%20atentos%2C%0AEquipo%20Paragu-AI,https://wa.me/595994215627?text=%C2%A1Hola%20de%20nuevo!%20%F0%9F%91%8B%0A%0APreparamos%20algo%20especial%20para%20Portas%20barber%20shop%3A%0A%0A%F0%9F%8C%90%20Portas%20barber%20shop%20%E2%80%94%20SITIO%20WEB%20DE%20DEMO%3A%0Ahttps%3A%2F%2Fparagu-ai.com%2Fs%2Fes%2Fpreview-portas-barber-shop%0A%0AEste%20demo%20est%C3%A1%20basado%20en%20lo%20que%20vimos%20de%20su%20negocio.%20Tiene%20secciones%20de%20servicios%2C%20galer%C3%ADa%2C%20equipo%2C%20contacto%20y%20m%C3%A1s.%20Se%20ve%20perfecto%20en%20celulares.%0A%0A%C2%BFLes%20gustar%C3%ADa%20agendar%20una%20llamada%20de%2010%20minutos%20para%20ver%20c%C3%B3mo%20personalizarlo%20con%20sus%20fotos%20y%20colores%3F%0A%0ASaludos%2C%0AEquipo%20Paragu-AI,"⭐ Excelente reputación | 💈 Tendencia, alta conversión esperada"
95,"Ciria Depilaciones Campo Grande",depilacion,Asunción,0981 933247,4.8,152,https://paragu-ai.com/s/es/preview-ciria-depilaciones-campo-grande,"¡Hola! 👋\n\nSoy de Paragu-AI ✨ — ayudamos a negocios como Ciria Depilaciones Campo Grande a tener presencia web profesional.\n\nLa depilación láser es un servicio que la gente investiga mucho antes de ir. Una página web con sus tratamientos y precios les daría mucha ventaja. (¡152 reseñas en Google!)\n\n¿Actualmente tienen página web o solo manejan redes sociales?\n\nSi les interesa, les mostramos un demo sin compromiso.\nQuedamos atentos,\nEquipo Paragu-AI","¡Hola de nuevo! 👋\n\nPreparamos algo especial para Ciria Depilaciones Campo Grande:\n\n🌐 Ciria Depilaciones Campo Grande — SITIO WEB DE DEMO:\nhttps://paragu-ai.com/s/es/preview-ciria-depilaciones-campo-grande\n\nEste demo está basado en lo que vimos de su negocio. Tiene secciones de servicios, galería, equipo, contacto y más. Se ve perfecto en celulares.\n\n¿Les gustaría agendar una llamada de 10 minutos para ver cómo personalizarlo con sus fotos y colores?\n\nSaludos,\nEquipo Paragu-AI",https://wa.me/595981933247?text=%C2%A1Hola!%20%F0%9F%91%8B%0A%0ASoy%20de%20Paragu-AI%20%E2%9C%A8%20%E2%80%94%20ayudamos%20a%20negocios%20como%20Ciria%20Depilaciones%20Campo%20Grande%20a%20tener%20presencia%20web%20profesional.%0A%0ALa%20depilaci%C3%B3n%20l%C3%A1ser%20es%20un%20servicio%20que%20la%20gente%20investiga%20mucho%20antes%20de%20ir.%20Una%20p%C3%A1gina%20web%20con%20sus%20tratamientos%20y%20precios%20les%20dar%C3%ADa%20mucha%20ventaja.%20(%C2%A1152%20rese%C3%B1as%20en%20Google!)%0A%0A%C2%BFActualmente%20tienen%20p%C3%A1gina%20web%20o%20solo%20manejan%20redes%20sociales%3F%0A%0ASi%20les%20interesa%2C%20les%20mostramos%20un%20demo%20sin%20compromiso.%0AQuedamos%20atentos%2C%0AEquipo%20Paragu-AI,https://wa.me/595981933247?text=%C2%A1Hola%20de%20nuevo!%20%F0%9F%91%8B%0A%0APreparamos%20algo%20especial%20para%20Ciria%20Depilaciones%20Campo%20Grande%3A%0A%0A%F0%9F%8C%90%20Ciria%20Depilaciones%20Campo%20Grande%20%E2%80%94%20SITIO%20WEB%20DE%20DEMO%3A%0Ahttps%3A%2F%2Fparagu-ai.com%2Fs%2Fes%2Fpreview-ciria-depilaciones-campo-grande%0A%0AEste%20demo%20est%C3%A1%20basado%20en%20lo%20que%20vimos%20de%20su%20negocio.%20Tiene%20secciones%20de%20servicios%2C%20galer%C3%ADa%2C%20equipo%2C%20contacto%20y%20m%C3%A1s.%20Se%20ve%20perfecto%20en%20celulares.%0A%0A%C2%BFLes%20gustar%C3%ADa%20agendar%20una%20llamada%20de%2010%20minutos%20para%20ver%20c%C3%B3mo%20personalizarlo%20con%20sus%20fotos%20y%20colores%3F%0A%0ASaludos%2C%0AEquipo%20Paragu-AI,""
95,"Micropigmentação e Remoção a Laser | Clínica Niege Bento",depilacion,Asunción,(45) 3025-4100,4.9,150,https://paragu-ai.com/s/es/preview-micropigmentao-e-remoo-a-laser-clnica-ni,"¡Hola! 👋\n\nSoy de Paragu-AI ✨ — ayudamos a negocios como Micropigmentação e Remoção a Laser | Clínica Niege Bento a tener presencia web profesional.\n\nLa depilación láser es un servicio que la gente investiga mucho antes de ir. Una página web con sus tratamientos y precios les daría mucha ventaja. (¡150 reseñas en Google!)\n\n¿Actualmente tienen página web o solo manejan redes sociales?\n\nSi les interesa, les mostramos un demo sin compromiso.\nQuedamos atentos,\nEquipo Paragu-AI","¡Hola de nuevo! 👋\n\nPreparamos algo especial para Micropigmentação e Remoção a Laser | Clínica Niege Bento:\n\n🌐 Micropigmentação e Remoção a Laser | Clínica Niege Bento — SITIO WEB DE DEMO:\nhttps://paragu-ai.com/s/es/preview-micropigmentao-e-remoo-a-laser-clnica-ni\n\nEste demo está basado en lo que vimos de su negocio. Tiene secciones de servicios, galería, equipo, contacto y más. Se ve perfecto en celulares.\n\n¿Les gustaría agendar una llamada de 10 minutos para ver cómo personalizarlo con sus fotos y colores?\n\nSaludos,\nEquipo Paragu-AI",https://wa.me/5954530254100?text=%C2%A1Hola!%20%F0%9F%91%8B%0A%0ASoy%20de%20Paragu-AI%20%E2%9C%A8%20%E2%80%94%20ayudamos%20a%20negocios%20como%20Micropigmenta%C3%A7%C3%A3o%20e%20Remo%C3%A7%C3%A3o%20a%20Laser%20%7C%20Cl%C3%ADnica%20Niege%20Bento%20a%20tener%20presencia%20web%20profesional.%0A%0ALa%20depilaci%C3%B3n%20l%C3%A1ser%20es%20un%20servicio%20que%20la%20gente%20investiga%20mucho%20antes%20de%20ir.%20Una%20p%C3%A1gina%20web%20con%20sus%20tratamientos%20y%20precios%20les%20dar%C3%ADa%20mucha%20ventaja.%20(%C2%A1150%20rese%C3%B1as%20en%20Google!)%0A%0A%C2%BFActualmente%20tienen%20p%C3%A1gina%20web%20o%20solo%20manejan%20redes%20sociales%3F%0A%0ASi%20les%20interesa%2C%20les%20mostramos%20un%20demo%20sin%20compromiso.%0AQuedamos%20atentos%2C%0AEquipo%20Paragu-AI,https://wa.me/5954530254100?text=%C2%A1Hola%20de%20nuevo!%20%F0%9F%91%8B%0A%0APreparamos%20algo%20especial%20para%20Micropigmenta%C3%A7%C3%A3o%20e%20Remo%C3%A7%C3%A3o%20a%20Laser%20%7C%20Cl%C3%ADnica%20Niege%20Bento%3A%0A%0A%F0%9F%8C%90%20Micropigmenta%C3%A7%C3%A3o%20e%20Remo%C3%A7%C3%A3o%20a%20Laser%20%7C%20Cl%C3%ADnica%20Niege%20Bento%20%E2%80%94%20SITIO%20WEB%20DE%20DEMO%3A%0Ahttps%3A%2F%2Fparagu-ai.com%2Fs%2Fes%2Fpreview-micropigmentao-e-remoo-a-laser-clnica-ni%0A%0AEste%20demo%20est%C3%A1%20basado%20en%20lo%20que%20vimos%20de%20su%20negocio.%20Tiene%20secciones%20de%20servicios%2C%20galer%C3%ADa%2C%20equipo%2C%20contacto%20y%20m%C3%A1s.%20Se%20ve%20perfecto%20en%20celulares.%0A%0A%C2%BFLes%20gustar%C3%ADa%20agendar%20una%20llamada%20de%2010%20minutos%20para%20ver%20c%C3%B3mo%20personalizarlo%20con%20sus%20fotos%20y%20colores%3F%0A%0ASaludos%2C%0AEquipo%20Paragu-AI,"⭐ Excelente reputación"
95,"Luis De Leon Concept",peluqueria,Asunción,(021) 604 817,4.9,144,https://paragu-ai.com/s/es/preview-luis-de-leon-concept,"¡Hola! 👋\n\nSoy de Paragu-AI ✂️ — ayudamos a negocios como Luis De Leon Concept a tener presencia web profesional.\n\nMuchas peluquerías solo tienen Instagram, pero una página web les da mucha más credibilidad y atrae clientes que buscan servicios específicos. (¡144 reseñas en Google!)\n\n¿Actualmente tienen página web o solo manejan redes sociales?\n\nSi les interesa, les mostramos un demo sin compromiso.\nQuedamos atentos,\nEquipo Paragu-AI","¡Hola de nuevo! 👋\n\nPreparamos algo especial para Luis De Leon Concept:\n\n🌐 Luis De Leon Concept — SITIO WEB DE DEMO:\nhttps://paragu-ai.com/s/es/preview-luis-de-leon-concept\n\nEste demo está basado en lo que vimos de su negocio. Tiene secciones de servicios, galería, equipo, contacto y más. Se ve perfecto en celulares.\n\n¿Les gustaría agendar una llamada de 10 minutos para ver cómo personalizarlo con sus fotos y colores?\n\nSaludos,\nEquipo Paragu-AI",https://wa.me/59521604817?text=%C2%A1Hola!%20%F0%9F%91%8B%0A%0ASoy%20de%20Paragu-AI%20%E2%9C%82%EF%B8%8F%20%E2%80%94%20ayudamos%20a%20negocios%20como%20Luis%20De%20Leon%20Concept%20a%20tener%20presencia%20web%20profesional.%0A%0AMuchas%20peluquer%C3%ADas%20solo%20tienen%20Instagram%2C%20pero%20una%20p%C3%A1gina%20web%20les%20da%20mucha%20m%C3%A1s%20credibilidad%20y%20atrae%20clientes%20que%20buscan%20servicios%20espec%C3%ADficos.%20(%C2%A1144%20rese%C3%B1as%20en%20Google!)%0A%0A%C2%BFActualmente%20tienen%20p%C3%A1gina%20web%20o%20solo%20manejan%20redes%20sociales%3F%0A%0ASi%20les%20interesa%2C%20les%20mostramos%20un%20demo%20sin%20compromiso.%0AQuedamos%20atentos%2C%0AEquipo%20Paragu-AI,https://wa.me/59521604817?text=%C2%A1Hola%20de%20nuevo!%20%F0%9F%91%8B%0A%0APreparamos%20algo%20especial%20para%20Luis%20De%20Leon%20Concept%3A%0A%0A%F0%9F%8C%90%20Luis%20De%20Leon%20Concept%20%E2%80%94%20SITIO%20WEB%20DE%20DEMO%3A%0Ahttps%3A%2F%2Fparagu-ai.com%2Fs%2Fes%2Fpreview-luis-de-leon-concept%0A%0AEste%20demo%20est%C3%A1%20basado%20en%20lo%20que%20vimos%20de%20su%20negocio.%20Tiene%20secciones%20de%20servicios%2C%20galer%C3%ADa%2C%20equipo%2C%20contacto%20y%20m%C3%A1s.%20Se%20ve%20perfecto%20en%20celulares.%0A%0A%C2%BFLes%20gustar%C3%ADa%20agendar%20una%20llamada%20de%2010%20minutos%20para%20ver%20c%C3%B3mo%20personalizarlo%20con%20sus%20fotos%20y%20colores%3F%0A%0ASaludos%2C%0AEquipo%20Paragu-AI,"⭐ Excelente reputación"
95,"BleuDepilación",peluqueria,Asunción,0971 161733,4.9,141,https://paragu-ai.com/s/es/preview-bleudepilacin,"¡Hola! 👋\n\nSoy de Paragu-AI ✂️ — ayudamos a negocios como BleuDepilación a tener presencia web profesional.\n\nMuchas peluquerías solo tienen Instagram, pero una página web les da mucha más credibilidad y atrae clientes que buscan servicios específicos. (¡141 reseñas en Google!)\n\n¿Actualmente tienen página web o solo manejan redes sociales?\n\nSi les interesa, les mostramos un demo sin compromiso.\nQuedamos atentos,\nEquipo Paragu-AI","¡Hola de nuevo! 👋\n\nPreparamos algo especial para BleuDepilación:\n\n🌐 BleuDepilación — SITIO WEB DE DEMO:\nhttps://paragu-ai.com/s/es/preview-bleudepilacin\n\nEste demo está basado en lo que vimos de su negocio. Tiene secciones de servicios, galería, equipo, contacto y más. Se ve perfecto en celulares.\n\n¿Les gustaría agendar una llamada de 10 minutos para ver cómo personalizarlo con sus fotos y colores?\n\nSaludos,\nEquipo Paragu-AI",https://wa.me/595971161733?text=%C2%A1Hola!%20%F0%9F%91%8B%0A%0ASoy%20de%20Paragu-AI%20%E2%9C%82%EF%B8%8F%20%E2%80%94%20ayudamos%20a%20negocios%20como%20BleuDepilaci%C3%B3n%20a%20tener%20presencia%20web%20profesional.%0A%0AMuchas%20peluquer%C3%ADas%20solo%20tienen%20Instagram%2C%20pero%20una%20p%C3%A1gina%20web%20les%20da%20mucha%20m%C3%A1s%20credibilidad%20y%20atrae%20clientes%20que%20buscan%20servicios%20espec%C3%ADficos.%20(%C2%A1141%20rese%C3%B1as%20en%20Google!)%0A%0A%C2%BFActualmente%20tienen%20p%C3%A1gina%20web%20o%20solo%20manejan%20redes%20sociales%3F%0A%0ASi%20les%20interesa%2C%20les%20mostramos%20un%20demo%20sin%20compromiso.%0AQuedamos%20atentos%2C%0AEquipo%20Paragu-AI,https://wa.me/595971161733?text=%C2%A1Hola%20de%20nuevo!%20%F0%9F%91%8B%0A%0APreparamos%20algo%20especial%20para%20BleuDepilaci%C3%B3n%3A%0A%0A%F0%9F%8C%90%20BleuDepilaci%C3%B3n%20%E2%80%94%20SITIO%20WEB%20DE%20DEMO%3A%0Ahttps%3A%2F%2Fparagu-ai.com%2Fs%2Fes%2Fpreview-bleudepilacin%0A%0AEste%20demo%20est%C3%A1%20basado%20en%20lo%20que%20vimos%20de%20su%20negocio.%20Tiene%20secciones%20de%20servicios%2C%20galer%C3%ADa%2C%20equipo%2C%20contacto%20y%20m%C3%A1s.%20Se%20ve%20perfecto%20en%20celulares.%0A%0A%C2%BFLes%20gustar%C3%ADa%20agendar%20una%20llamada%20de%2010%20minutos%20para%20ver%20c%C3%B3mo%20personalizarlo%20con%20sus%20fotos%20y%20colores%3F%0A%0ASaludos%2C%0AEquipo%20Paragu-AI,"⭐ Excelente reputación"
95,"Barber club py",barberia,Lambaré,0971 888665,4.9,137,https://paragu-ai.com/s/es/preview-barber-club-py,"¡Hola! 👋\n\nSoy de Paragu-AI 💈 — ayudamos a negocios como Barber club py a tener presencia web profesional.\n\nVi que tienen muy buena presencia en Instagram pero no tienen página web. Hoy en día una barbería con buena página web destaca mucho más. (¡137 reseñas en Google!)\n\n¿Actualmente tienen página web o solo manejan redes sociales?\n\nSi les interesa, les mostramos un demo sin compromiso.\nQuedamos atentos,\nEquipo Paragu-AI","¡Hola de nuevo! 👋\n\nPreparamos algo especial para Barber club py:\n\n🌐 Barber club py — SITIO WEB DE DEMO:\nhttps://paragu-ai.com/s/es/preview-barber-club-py\n\nEste demo está basado en lo que vimos de su negocio. Tiene secciones de servicios, galería, equipo, contacto y más. Se ve perfecto en celulares.\n\n¿Les gustaría agendar una llamada de 10 minutos para ver cómo personalizarlo con sus fotos y colores?\n\nSaludos,\nEquipo Paragu-AI",https://wa.me/595971888665?text=%C2%A1Hola!%20%F0%9F%91%8B%0A%0ASoy%20de%20Paragu-AI%20%F0%9F%92%88%20%E2%80%94%20ayudamos%20a%20negocios%20como%20Barber%20club%20py%20a%20tener%20presencia%20web%20profesional.%0A%0AVi%20que%20tienen%20muy%20buena%20presencia%20en%20Instagram%20pero%20no%20tienen%20p%C3%A1gina%20web.%20Hoy%20en%20d%C3%ADa%20una%20barber%C3%ADa%20con%20buena%20p%C3%A1gina%20web%20destaca%20mucho%20m%C3%A1s.%20(%C2%A1137%20rese%C3%B1as%20en%20Google!)%0A%0A%C2%BFActualmente%20tienen%20p%C3%A1gina%20web%20o%20solo%20manejan%20redes%20sociales%3F%0A%0ASi%20les%20interesa%2C%20les%20mostramos%20un%20demo%20sin%20compromiso.%0AQuedamos%20atentos%2C%0AEquipo%20Paragu-AI,https://wa.me/595971888665?text=%C2%A1Hola%20de%20nuevo!%20%F0%9F%91%8B%0A%0APreparamos%20algo%20especial%20para%20Barber%20club%20py%3A%0A%0A%F0%9F%8C%90%20Barber%20club%20py%20%E2%80%94%20SITIO%20WEB%20DE%20DEMO%3A%0Ahttps%3A%2F%2Fparagu-ai.com%2Fs%2Fes%2Fpreview-barber-club-py%0A%0AEste%20demo%20est%C3%A1%20basado%20en%20lo%20que%20vimos%20de%20su%20negocio.%20Tiene%20secciones%20de%20servicios%2C%20galer%C3%ADa%2C%20equipo%2C%20contacto%20y%20m%C3%A1s.%20Se%20ve%20perfecto%20en%20celulares.%0A%0A%C2%BFLes%20gustar%C3%ADa%20agendar%20una%20llamada%20de%2010%20minutos%20para%20ver%20c%C3%B3mo%20personalizarlo%20con%20sus%20fotos%20y%20colores%3F%0A%0ASaludos%2C%0AEquipo%20Paragu-AI,"⭐ Excelente reputación | 💈 Tendencia, alta conversión esperada"
93,"Fran Gym",gimnasio,Fernando de la Mora,0982 116619,4.9,138,https://paragu-ai.com/s/es/preview-fran-gym,"¡Hola! 👋\n\nSoy de Paragu-AI 🏋️ — ayudamos a negocios como Fran Gym a tener presencia web profesional.\n\nLos gimnasios con página web captan muchos más clientes nuevos. Pudimos ver que tienen buena reputación pero les falta presencia online. (¡138 reseñas en Google!)\n\n¿Actualmente tienen página web o solo manejan redes sociales?\n\nSi les interesa, les mostramos un demo sin compromiso.\nQuedamos atentos,\nEquipo Paragu-AI","¡Hola de nuevo! 👋\n\nPreparamos algo especial para Fran Gym:\n\n🌐 Fran Gym — SITIO WEB DE DEMO:\nhttps://paragu-ai.com/s/es/preview-fran-gym\n\nEste demo está basado en lo que vimos de su negocio. Tiene secciones de servicios, galería, equipo, contacto y más. Se ve perfecto en celulares.\n\n¿Les gustaría agendar una llamada de 10 minutos para ver cómo personalizarlo con sus fotos y colores?\n\nSaludos,\nEquipo Paragu-AI",https://wa.me/595982116619?text=%C2%A1Hola!%20%F0%9F%91%8B%0A%0ASoy%20de%20Paragu-AI%20%F0%9F%8F%8B%EF%B8%8F%20%E2%80%94%20ayudamos%20a%20negocios%20como%20Fran%20Gym%20a%20tener%20presencia%20web%20profesional.%0A%0ALos%20gimnasios%20con%20p%C3%A1gina%20web%20captan%20muchos%20m%C3%A1s%20clientes%20nuevos.%20Pudimos%20ver%20que%20tienen%20buena%20reputaci%C3%B3n%20pero%20les%20falta%20presencia%20online.%20(%C2%A1138%20rese%C3%B1as%20en%20Google!)%0A%0A%C2%BFActualmente%20tienen%20p%C3%A1gina%20web%20o%20solo%20manejan%20redes%20sociales%3F%0A%0ASi%20les%20interesa%2C%20les%20mostramos%20un%20demo%20sin%20compromiso.%0AQuedamos%20atentos%2C%0AEquipo%20Paragu-AI,https://wa.me/595982116619?text=%C2%A1Hola%20de%20nuevo!%20%F0%9F%91%8B%0A%0APreparamos%20algo%20especial%20para%20Fran%20Gym%3A%0A%0A%F0%9F%8C%90%20Fran%20Gym%20%E2%80%94%20SITIO%20WEB%20DE%20DEMO%3A%0Ahttps%3A%2F%2Fparagu-ai.com%2Fs%2Fes%2Fpreview-fran-gym%0A%0AEste%20demo%20est%C3%A1%20basado%20en%20lo%20que%20vimos%20de%20su%20negocio.%20Tiene%20secciones%20de%20servicios%2C%20galer%C3%ADa%2C%20equipo%2C%20contacto%20y%20m%C3%A1s.%20Se%20ve%20perfecto%20en%20celulares.%0A%0A%C2%BFLes%20gustar%C3%ADa%20agendar%20una%20llamada%20de%2010%20minutos%20para%20ver%20c%C3%B3mo%20personalizarlo%20con%20sus%20fotos%20y%20colores%3F%0A%0ASaludos%2C%0AEquipo%20Paragu-AI,"⭐ Excelente reputación"
90,"studio 22 body piercing & tattoo",peluqueria,Fernando de la Mora,0983 816627,4.9,954,https://paragu-ai.com/s/es/preview-studio-22-body-piercing-tattoo,"¡Hola! 👋\n\nSoy de Paragu-AI ✂️ — ayudamos a negocios como studio 22 body piercing & tattoo a tener presencia web profesional.\n\nMuchas peluquerías solo tienen Instagram, pero una página web les da mucha más credibilidad y atrae clientes que buscan servicios específicos. (¡954 reseñas en Google!)\n\n¿Actualmente tienen página web o solo manejan redes sociales?\n\nSi les interesa, les mostramos un demo sin compromiso.\nQuedamos atentos,\nEquipo Paragu-AI","¡Hola de nuevo! 👋\n\nPreparamos algo especial para studio 22 body piercing & tattoo:\n\n🌐 studio 22 body piercing & tattoo — SITIO WEB DE DEMO:\nhttps://paragu-ai.com/s/es/preview-studio-22-body-piercing-tattoo\n\nEste demo está basado en lo que vimos de su negocio. Tiene secciones de servicios, galería, equipo, contacto y más. Se ve perfecto en celulares.\n\n¿Les gustaría agendar una llamada de 10 minutos para ver cómo personalizarlo con sus fotos y colores?\n\nSaludos,\nEquipo Paragu-AI",https://wa.me/595983816627?text=%C2%A1Hola!%20%F0%9F%91%8B%0A%0ASoy%20de%20Paragu-AI%20%E2%9C%82%EF%B8%8F%20%E2%80%94%20ayudamos%20a%20negocios%20como%20studio%2022%20body%20piercing%20%26%20tattoo%20a%20tener%20presencia%20web%20profesional.%0A%0AMuchas%20peluquer%C3%ADas%20solo%20tienen%20Instagram%2C%20pero%20una%20p%C3%A1gina%20web%20les%20da%20mucha%20m%C3%A1s%20credibilidad%20y%20atrae%20clientes%20que%20buscan%20servicios%20espec%C3%ADficos.%20(%C2%A1954%20rese%C3%B1as%20en%20Google!)%0A%0A%C2%BFActualmente%20tienen%20p%C3%A1gina%20web%20o%20solo%20manejan%20redes%20sociales%3F%0A%0ASi%20les%20interesa%2C%20les%20mostramos%20un%20demo%20sin%20compromiso.%0AQuedamos%20atentos%2C%0AEquipo%20Paragu-AI,https://wa.me/595983816627?text=%C2%A1Hola%20de%20nuevo!%20%F0%9F%91%8B%0A%0APreparamos%20algo%20especial%20para%20studio%2022%20body%20piercing%20%26%20tattoo%3A%0A%0A%F0%9F%8C%90%20studio%2022%20body%20piercing%20%26%20tattoo%20%E2%80%94%20SITIO%20WEB%20DE%20DEMO%3A%0Ahttps%3A%2F%2Fparagu-ai.com%2Fs%2Fes%2Fpreview-studio-22-body-piercing-tattoo%0A%0AEste%20demo%20est%C3%A1%20basado%20en%20lo%20que%20vimos%20de%20su%20negocio.%20Tiene%20secciones%20de%20servicios%2C%20galer%C3%ADa%2C%20equipo%2C%20contacto%20y%20m%C3%A1s.%20Se%20ve%20perfecto%20en%20celulares.%0A%0A%C2%BFLes%20gustar%C3%ADa%20agendar%20una%20llamada%20de%2010%20minutos%20para%20ver%20c%C3%B3mo%20personalizarlo%20con%20sus%20fotos%20y%20colores%3F%0A%0ASaludos%2C%0AEquipo%20Paragu-AI,"🔥 Muy establecido | ⭐ Excelente reputación"
90,"Peluquería Sánchez",peluqueria,Fernando de la Mora,0982 453302,4.9,251,https://paragu-ai.com/s/es/preview-peluquera-snchez,"¡Hola! 👋\n\nSoy de Paragu-AI ✂️ — ayudamos a negocios como Peluquería Sánchez a tener presencia web profesional.\n\nMuchas peluquerías solo tienen Instagram, pero una página web les da mucha más credibilidad y atrae clientes que buscan servicios específicos. (¡251 reseñas en Google!)\n\n¿Actualmente tienen página web o solo manejan redes sociales?\n\nSi les interesa, les mostramos un demo sin compromiso.\nQuedamos atentos,\nEquipo Paragu-AI","¡Hola de nuevo! 👋\n\nPreparamos algo especial para Peluquería Sánchez:\n\n🌐 Peluquería Sánchez — SITIO WEB DE DEMO:\nhttps://paragu-ai.com/s/es/preview-peluquera-snchez\n\nEste demo está basado en lo que vimos de su negocio. Tiene secciones de servicios, galería, equipo, contacto y más. Se ve perfecto en celulares.\n\n¿Les gustaría agendar una llamada de 10 minutos para ver cómo personalizarlo con sus fotos y colores?\n\nSaludos,\nEquipo Paragu-AI",https://wa.me/595982453302?text=%C2%A1Hola!%20%F0%9F%91%8B%0A%0ASoy%20de%20Paragu-AI%20%E2%9C%82%EF%B8%8F%20%E2%80%94%20ayudamos%20a%20negocios%20como%20Peluquer%C3%ADa%20S%C3%A1nchez%20a%20tener%20presencia%20web%20profesional.%0A%0AMuchas%20peluquer%C3%ADas%20solo%20tienen%20Instagram%2C%20pero%20una%20p%C3%A1gina%20web%20les%20da%20mucha%20m%C3%A1s%20credibilidad%20y%20atrae%20clientes%20que%20buscan%20servicios%20espec%C3%ADficos.%20(%C2%A1251%20rese%C3%B1as%20en%20Google!)%0A%0A%C2%BFActualmente%20tienen%20p%C3%A1gina%20web%20o%20solo%20manejan%20redes%20sociales%3F%0A%0ASi%20les%20interesa%2C%20les%20mostramos%20un%20demo%20sin%20compromiso.%0AQuedamos%20atentos%2C%0AEquipo%20Paragu-AI,https://wa.me/595982453302?text=%C2%A1Hola%20de%20nuevo!%20%F0%9F%91%8B%0A%0APreparamos%20algo%20especial%20para%20Peluquer%C3%ADa%20S%C3%A1nchez%3A%0A%0A%F0%9F%8C%90%20Peluquer%C3%ADa%20S%C3%A1nchez%20%E2%80%94%20SITIO%20WEB%20DE%20DEMO%3A%0Ahttps%3A%2F%2Fparagu-ai.com%2Fs%2Fes%2Fpreview-peluquera-snchez%0A%0AEste%20demo%20est%C3%A1%20basado%20en%20lo%20que%20vimos%20de%20su%20negocio.%20Tiene%20secciones%20de%20servicios%2C%20galer%C3%ADa%2C%20equipo%2C%20contacto%20y%20m%C3%A1s.%20Se%20ve%20perfecto%20en%20celulares.%0A%0A%C2%BFLes%20gustar%C3%ADa%20agendar%20una%20llamada%20de%2010%20minutos%20para%20ver%20c%C3%B3mo%20personalizarlo%20con%20sus%20fotos%20y%20colores%3F%0A%0ASaludos%2C%0AEquipo%20Paragu-AI,"🔥 Muy establecido | ⭐ Excelente reputación"
90,"Hippie Chic",peluqueria,San Lorenzo,0981 195626,4.8,217,https://paragu-ai.com/s/es/preview-hippie-chic,"¡Hola! 👋\n\nSoy de Paragu-AI ✂️ — ayudamos a negocios como Hippie Chic a tener presencia web profesional.\n\nMuchas peluquerías solo tienen Instagram, pero una página web les da mucha más credibilidad y atrae clientes que buscan servicios específicos. (¡217 reseñas en Google!)\n\n¿Actualmente tienen página web o solo manejan redes sociales?\n\nSi les interesa, les mostramos un demo sin compromiso.\nQuedamos atentos,\nEquipo Paragu-AI","¡Hola de nuevo! 👋\n\nPreparamos algo especial para Hippie Chic:\n\n🌐 Hippie Chic — SITIO WEB DE DEMO:\nhttps://paragu-ai.com/s/es/preview-hippie-chic\n\nEste demo está basado en lo que vimos de su negocio. Tiene secciones de servicios, galería, equipo, contacto y más. Se ve perfecto en celulares.\n\n¿Les gustaría agendar una llamada de 10 minutos para ver cómo personalizarlo con sus fotos y colores?\n\nSaludos,\nEquipo Paragu-AI",https://wa.me/595981195626?text=%C2%A1Hola!%20%F0%9F%91%8B%0A%0ASoy%20de%20Paragu-AI%20%E2%9C%82%EF%B8%8F%20%E2%80%94%20ayudamos%20a%20negocios%20como%20Hippie%20Chic%20a%20tener%20presencia%20web%20profesional.%0A%0AMuchas%20peluquer%C3%ADas%20solo%20tienen%20Instagram%2C%20pero%20una%20p%C3%A1gina%20web%20les%20da%20mucha%20m%C3%A1s%20credibilidad%20y%20atrae%20clientes%20que%20buscan%20servicios%20espec%C3%ADficos.%20(%C2%A1217%20rese%C3%B1as%20en%20Google!)%0A%0A%C2%BFActualmente%20tienen%20p%C3%A1gina%20web%20o%20solo%20manejan%20redes%20sociales%3F%0A%0ASi%20les%20interesa%2C%20les%20mostramos%20un%20demo%20sin%20compromiso.%0AQuedamos%20atentos%2C%0AEquipo%20Paragu-AI,https://wa.me/595981195626?text=%C2%A1Hola%20de%20nuevo!%20%F0%9F%91%8B%0A%0APreparamos%20algo%20especial%20para%20Hippie%20Chic%3A%0A%0A%F0%9F%8C%90%20Hippie%20Chic%20%E2%80%94%20SITIO%20WEB%20DE%20DEMO%3A%0Ahttps%3A%2F%2Fparagu-ai.com%2Fs%2Fes%2Fpreview-hippie-chic%0A%0AEste%20demo%20est%C3%A1%20basado%20en%20lo%20que%20vimos%20de%20su%20negocio.%20Tiene%20secciones%20de%20servicios%2C%20galer%C3%ADa%2C%20equipo%2C%20contacto%20y%20m%C3%A1s.%20Se%20ve%20perfecto%20en%20celulares.%0A%0A%C2%BFLes%20gustar%C3%ADa%20agendar%20una%20llamada%20de%2010%20minutos%20para%20ver%20c%C3%B3mo%20personalizarlo%20con%20sus%20fotos%20y%20colores%3F%0A%0ASaludos%2C%0AEquipo%20Paragu-AI,"🔥 Muy establecido"
90,"Capelli Barberia/Peluquería",peluqueria,San Lorenzo,0987 310953,4.9,196,https://paragu-ai.com/s/es/preview-capelli-barberiapeluquera,"¡Hola! 👋\n\nSoy de Paragu-AI ✂️ — ayudamos a negocios como Capelli Barberia/Peluquería a tener presencia web profesional.\n\nMuchas peluquerías solo tienen Instagram, pero una página web les da mucha más credibilidad y atrae clientes que buscan servicios específicos. (¡196 reseñas en Google!)\n\n¿Actualmente tienen página web o solo manejan redes sociales?\n\nSi les interesa, les mostramos un demo sin compromiso.\nQuedamos atentos,\nEquipo Paragu-AI","¡Hola de nuevo! 👋\n\nPreparamos algo especial para Capelli Barberia/Peluquería:\n\n🌐 Capelli Barberia/Peluquería — SITIO WEB DE DEMO:\nhttps://paragu-ai.com/s/es/preview-capelli-barberiapeluquera\n\nEste demo está basado en lo que vimos de su negocio. Tiene secciones de servicios, galería, equipo, contacto y más. Se ve perfecto en celulares.\n\n¿Les gustaría agendar una llamada de 10 minutos para ver cómo personalizarlo con sus fotos y colores?\n\nSaludos,\nEquipo Paragu-AI",https://wa.me/595987310953?text=%C2%A1Hola!%20%F0%9F%91%8B%0A%0ASoy%20de%20Paragu-AI%20%E2%9C%82%EF%B8%8F%20%E2%80%94%20ayudamos%20a%20negocios%20como%20Capelli%20Barberia%2FPeluquer%C3%ADa%20a%20tener%20presencia%20web%20profesional.%0A%0AMuchas%20peluquer%C3%ADas%20solo%20tienen%20Instagram%2C%20pero%20una%20p%C3%A1gina%20web%20les%20da%20mucha%20m%C3%A1s%20credibilidad%20y%20atrae%20clientes%20que%20buscan%20servicios%20espec%C3%ADficos.%20(%C2%A1196%20rese%C3%B1as%20en%20Google!)%0A%0A%C2%BFActualmente%20tienen%20p%C3%A1gina%20web%20o%20solo%20manejan%20redes%20sociales%3F%0A%0ASi%20les%20interesa%2C%20les%20mostramos%20un%20demo%20sin%20compromiso.%0AQuedamos%20atentos%2C%0AEquipo%20Paragu-AI,https://wa.me/595987310953?text=%C2%A1Hola%20de%20nuevo!%20%F0%9F%91%8B%0A%0APreparamos%20algo%20especial%20para%20Capelli%20Barberia%2FPeluquer%C3%ADa%3A%0A%0A%F0%9F%8C%90%20Capelli%20Barberia%2FPeluquer%C3%ADa%20%E2%80%94%20SITIO%20WEB%20DE%20DEMO%3A%0Ahttps%3A%2F%2Fparagu-ai.com%2Fs%2Fes%2Fpreview-capelli-barberiapeluquera%0A%0AEste%20demo%20est%C3%A1%20basado%20en%20lo%20que%20vimos%20de%20su%20negocio.%20Tiene%20secciones%20de%20servicios%2C%20galer%C3%ADa%2C%20equipo%2C%20contacto%20y%20m%C3%A1s.%20Se%20ve%20perfecto%20en%20celulares.%0A%0A%C2%BFLes%20gustar%C3%ADa%20agendar%20una%20llamada%20de%2010%20minutos%20para%20ver%20c%C3%B3mo%20personalizarlo%20con%20sus%20fotos%20y%20colores%3F%0A%0ASaludos%2C%0AEquipo%20Paragu-AI,"⭐ Excelente reputación"
90,"Hidrobaby Luque",spa,Luque,0993 444300,4.9,196,https://paragu-ai.com/s/es/preview-hidrobaby-luque,"¡Hola! 👋\n\nSoy de Paragu-AI 🧖 — ayudamos a negocios como Hidrobaby Luque a tener presencia web profesional.\n\nUn spa con página web transmite mucha más confianza y profesionalismo. Vi sus reseñas excelentes y creo que una web les vendría genial. (¡196 reseñas en Google!)\n\n¿Actualmente tienen página web o solo manejan redes sociales?\n\nSi les interesa, les mostramos un demo sin compromiso.\nQuedamos atentos,\nEquipo Paragu-AI","¡Hola de nuevo! 👋\n\nPreparamos algo especial para Hidrobaby Luque:\n\n🌐 Hidrobaby Luque — SITIO WEB DE DEMO:\nhttps://paragu-ai.com/s/es/preview-hidrobaby-luque\n\nEste demo está basado en lo que vimos de su negocio. Tiene secciones de servicios, galería, equipo, contacto y más. Se ve perfecto en celulares.\n\n¿Les gustaría agendar una llamada de 10 minutos para ver cómo personalizarlo con sus fotos y colores?\n\nSaludos,\nEquipo Paragu-AI",https://wa.me/595993444300?text=%C2%A1Hola!%20%F0%9F%91%8B%0A%0ASoy%20de%20Paragu-AI%20%F0%9F%A7%96%20%E2%80%94%20ayudamos%20a%20negocios%20como%20Hidrobaby%20Luque%20a%20tener%20presencia%20web%20profesional.%0A%0AUn%20spa%20con%20p%C3%A1gina%20web%20transmite%20mucha%20m%C3%A1s%20confianza%20y%20profesionalismo.%20Vi%20sus%20rese%C3%B1as%20excelentes%20y%20creo%20que%20una%20web%20les%20vendr%C3%ADa%20genial.%20(%C2%A1196%20rese%C3%B1as%20en%20Google!)%0A%0A%C2%BFActualmente%20tienen%20p%C3%A1gina%20web%20o%20solo%20manejan%20redes%20sociales%3F%0A%0ASi%20les%20interesa%2C%20les%20mostramos%20un%20demo%20sin%20compromiso.%0AQuedamos%20atentos%2C%0AEquipo%20Paragu-AI,https://wa.me/595993444300?text=%C2%A1Hola%20de%20nuevo!%20%F0%9F%91%8B%0A%0APreparamos%20algo%20especial%20para%20Hidrobaby%20Luque%3A%0A%0A%F0%9F%8C%90%20Hidrobaby%20Luque%20%E2%80%94%20SITIO%20WEB%20DE%20DEMO%3A%0Ahttps%3A%2F%2Fparagu-ai.com%2Fs%2Fes%2Fpreview-hidrobaby-luque%0A%0AEste%20demo%20est%C3%A1%20basado%20en%20lo%20que%20vimos%20de%20su%20negocio.%20Tiene%20secciones%20de%20servicios%2C%20galer%C3%ADa%2C%20equipo%2C%20contacto%20y%20m%C3%A1s.%20Se%20ve%20perfecto%20en%20celulares.%0A%0A%C2%BFLes%20gustar%C3%ADa%20agendar%20una%20llamada%20de%2010%20minutos%20para%20ver%20c%C3%B3mo%20personalizarlo%20con%20sus%20fotos%20y%20colores%3F%0A%0ASaludos%2C%0AEquipo%20Paragu-AI,"⭐ Excelente reputación"
90,"Studio 88",spa,San Lorenzo,0981 555597,4.8,180,https://paragu-ai.com/s/es/preview-studio-88,"¡Hola! 👋\n\nSoy de Paragu-AI 🧖 — ayudamos a negocios como Studio 88 a tener presencia web profesional.\n\nUn spa con página web transmite mucha más confianza y profesionalismo. Vi sus reseñas excelentes y creo que una web les vendría genial. (¡180 reseñas en Google!)\n\n¿Actualmente tienen página web o solo manejan redes sociales?\n\nSi les interesa, les mostramos un demo sin compromiso.\nQuedamos atentos,\nEquipo Paragu-AI","¡Hola de nuevo! 👋\n\nPreparamos algo especial para Studio 88:\n\n🌐 Studio 88 — SITIO WEB DE DEMO:\nhttps://paragu-ai.com/s/es/preview-studio-88\n\nEste demo está basado en lo que vimos de su negocio. Tiene secciones de servicios, galería, equipo, contacto y más. Se ve perfecto en celulares.\n\n¿Les gustaría agendar una llamada de 10 minutos para ver cómo personalizarlo con sus fotos y colores?\n\nSaludos,\nEquipo Paragu-AI",https://wa.me/595981555597?text=%C2%A1Hola!%20%F0%9F%91%8B%0A%0ASoy%20de%20Paragu-AI%20%F0%9F%A7%96%20%E2%80%94%20ayudamos%20a%20negocios%20como%20Studio%2088%20a%20tener%20presencia%20web%20profesional.%0A%0AUn%20spa%20con%20p%C3%A1gina%20web%20transmite%20mucha%20m%C3%A1s%20confianza%20y%20profesionalismo.%20Vi%20sus%20rese%C3%B1as%20excelentes%20y%20creo%20que%20una%20web%20les%20vendr%C3%ADa%20genial.%20(%C2%A1180%20rese%C3%B1as%20en%20Google!)%0A%0A%C2%BFActualmente%20tienen%20p%C3%A1gina%20web%20o%20solo%20manejan%20redes%20sociales%3F%0A%0ASi%20les%20interesa%2C%20les%20mostramos%20un%20demo%20sin%20compromiso.%0AQuedamos%20atentos%2C%0AEquipo%20Paragu-AI,https://wa.me/595981555597?text=%C2%A1Hola%20de%20nuevo!%20%F0%9F%91%8B%0A%0APreparamos%20algo%20especial%20para%20Studio%2088%3A%0A%0A%F0%9F%8C%90%20Studio%2088%20%E2%80%94%20SITIO%20WEB%20DE%20DEMO%3A%0Ahttps%3A%2F%2Fparagu-ai.com%2Fs%2Fes%2Fpreview-studio-88%0A%0AEste%20demo%20est%C3%A1%20basado%20en%20lo%20que%20vimos%20de%20su%20negocio.%20Tiene%20secciones%20de%20servicios%2C%20galer%C3%ADa%2C%20equipo%2C%20contacto%20y%20m%C3%A1s.%20Se%20ve%20perfecto%20en%20celulares.%0A%0A%C2%BFLes%20gustar%C3%ADa%20agendar%20una%20llamada%20de%2010%20minutos%20para%20ver%20c%C3%B3mo%20personalizarlo%20con%20sus%20fotos%20y%20colores%3F%0A%0ASaludos%2C%0AEquipo%20Paragu-AI,""
90,"Oh! Baby Spa",spa,Luque,0982 357778,5,161,https://paragu-ai.com/s/es/preview-oh-baby-spa,"¡Hola! 👋\n\nSoy de Paragu-AI 🧖 — ayudamos a negocios como Oh! Baby Spa a tener presencia web profesional.\n\nUn spa con página web transmite mucha más confianza y profesionalismo. Vi sus reseñas excelentes y creo que una web les vendría genial. (¡161 reseñas en Google!)\n\n¿Actualmente tienen página web o solo manejan redes sociales?\n\nSi les interesa, les mostramos un demo sin compromiso.\nQuedamos atentos,\nEquipo Paragu-AI","¡Hola de nuevo! 👋\n\nPreparamos algo especial para Oh! Baby Spa:\n\n🌐 Oh! Baby Spa — SITIO WEB DE DEMO:\nhttps://paragu-ai.com/s/es/preview-oh-baby-spa\n\nEste demo está basado en lo que vimos de su negocio. Tiene secciones de servicios, galería, equipo, contacto y más. Se ve perfecto en celulares.\n\n¿Les gustaría agendar una llamada de 10 minutos para ver cómo personalizarlo con sus fotos y colores?\n\nSaludos,\nEquipo Paragu-AI",https://wa.me/595982357778?text=%C2%A1Hola!%20%F0%9F%91%8B%0A%0ASoy%20de%20Paragu-AI%20%F0%9F%A7%96%20%E2%80%94%20ayudamos%20a%20negocios%20como%20Oh!%20Baby%20Spa%20a%20tener%20presencia%20web%20profesional.%0A%0AUn%20spa%20con%20p%C3%A1gina%20web%20transmite%20mucha%20m%C3%A1s%20confianza%20y%20profesionalismo.%20Vi%20sus%20rese%C3%B1as%20excelentes%20y%20creo%20que%20una%20web%20les%20vendr%C3%ADa%20genial.%20(%C2%A1161%20rese%C3%B1as%20en%20Google!)%0A%0A%C2%BFActualmente%20tienen%20p%C3%A1gina%20web%20o%20solo%20manejan%20redes%20sociales%3F%0A%0ASi%20les%20interesa%2C%20les%20mostramos%20un%20demo%20sin%20compromiso.%0AQuedamos%20atentos%2C%0AEquipo%20Paragu-AI,https://wa.me/595982357778?text=%C2%A1Hola%20de%20nuevo!%20%F0%9F%91%8B%0A%0APreparamos%20algo%20especial%20para%20Oh!%20Baby%20Spa%3A%0A%0A%F0%9F%8C%90%20Oh!%20Baby%20Spa%20%E2%80%94%20SITIO%20WEB%20DE%20DEMO%3A%0Ahttps%3A%2F%2Fparagu-ai.com%2Fs%2Fes%2Fpreview-oh-baby-spa%0A%0AEste%20demo%20est%C3%A1%20basado%20en%20lo%20que%20vimos%20de%20su%20negocio.%20Tiene%20secciones%20de%20servicios%2C%20galer%C3%ADa%2C%20equipo%2C%20contacto%20y%20m%C3%A1s.%20Se%20ve%20perfecto%20en%20celulares.%0A%0A%C2%BFLes%20gustar%C3%ADa%20agendar%20una%20llamada%20de%2010%20minutos%20para%20ver%20c%C3%B3mo%20personalizarlo%20con%20sus%20fotos%20y%20colores%3F%0A%0ASaludos%2C%0AEquipo%20Paragu-AI,"⭐ Excelente reputación"
88,"Complejo Cocodrilo (Mburucuya Fitness)",gimnasio,Asunción,0986 106062,4.5,269,https://paragu-ai.com/s/es/preview-complejo-cocodrilo-mburucuya-fitness,"¡Hola! 👋\n\nSoy de Paragu-AI 🏋️ — ayudamos a negocios como Complejo Cocodrilo (Mburucuya Fitness) a tener presencia web profesional.\n\nLos gimnasios con página web captan muchos más clientes nuevos. Pudimos ver que tienen buena reputación pero les falta presencia online. (¡269 reseñas en Google!)\n\n¿Actualmente tienen página web o solo manejan redes sociales?\n\nSi les interesa, les mostramos un demo sin compromiso.\nQuedamos atentos,\nEquipo Paragu-AI","¡Hola de nuevo! 👋\n\nPreparamos algo especial para Complejo Cocodrilo (Mburucuya Fitness):\n\n🌐 Complejo Cocodrilo (Mburucuya Fitness) — SITIO WEB DE DEMO:\nhttps://paragu-ai.com/s/es/preview-complejo-cocodrilo-mburucuya-fitness\n\nEste demo está basado en lo que vimos de su negocio. Tiene secciones de servicios, galería, equipo, contacto y más. Se ve perfecto en celulares.\n\n¿Les gustaría agendar una llamada de 10 minutos para ver cómo personalizarlo con sus fotos y colores?\n\nSaludos,\nEquipo Paragu-AI",https://wa.me/595986106062?text=%C2%A1Hola!%20%F0%9F%91%8B%0A%0ASoy%20de%20Paragu-AI%20%F0%9F%8F%8B%EF%B8%8F%20%E2%80%94%20ayudamos%20a%20negocios%20como%20Complejo%20Cocodrilo%20(Mburucuya%20Fitness)%20a%20tener%20presencia%20web%20profesional.%0A%0ALos%20gimnasios%20con%20p%C3%A1gina%20web%20captan%20muchos%20m%C3%A1s%20clientes%20nuevos.%20Pudimos%20ver%20que%20tienen%20buena%20reputaci%C3%B3n%20pero%20les%20falta%20presencia%20online.%20(%C2%A1269%20rese%C3%B1as%20en%20Google!)%0A%0A%C2%BFActualmente%20tienen%20p%C3%A1gina%20web%20o%20solo%20manejan%20redes%20sociales%3F%0A%0ASi%20les%20interesa%2C%20les%20mostramos%20un%20demo%20sin%20compromiso.%0AQuedamos%20atentos%2C%0AEquipo%20Paragu-AI,https://wa.me/595986106062?text=%C2%A1Hola%20de%20nuevo!%20%F0%9F%91%8B%0A%0APreparamos%20algo%20especial%20para%20Complejo%20Cocodrilo%20(Mburucuya%20Fitness)%3A%0A%0A%F0%9F%8C%90%20Complejo%20Cocodrilo%20(Mburucuya%20Fitness)%20%E2%80%94%20SITIO%20WEB%20DE%20DEMO%3A%0Ahttps%3A%2F%2Fparagu-ai.com%2Fs%2Fes%2Fpreview-complejo-cocodrilo-mburucuya-fitness%0A%0AEste%20demo%20est%C3%A1%20basado%20en%20lo%20que%20vimos%20de%20su%20negocio.%20Tiene%20secciones%20de%20servicios%2C%20galer%C3%ADa%2C%20equipo%2C%20contacto%20y%20m%C3%A1s.%20Se%20ve%20perfecto%20en%20celulares.%0A%0A%C2%BFLes%20gustar%C3%ADa%20agendar%20una%20llamada%20de%2010%20minutos%20para%20ver%20c%C3%B3mo%20personalizarlo%20con%20sus%20fotos%20y%20colores%3F%0A%0ASaludos%2C%0AEquipo%20Paragu-AI,"🔥 Muy establecido"
88,"Gimnasio Top Gym",gimnasio,Asunción,(021) 490 074,4.5,203,https://paragu-ai.com/s/es/preview-gimnasio-top-gym,"¡Hola! 👋\n\nSoy de Paragu-AI 🏋️ — ayudamos a negocios como Gimnasio Top Gym a tener presencia web profesional.\n\nLos gimnasios con página web captan muchos más clientes nuevos. Pudimos ver que tienen buena reputación pero les falta presencia online. (¡203 reseñas en Google!)\n\n¿Actualmente tienen página web o solo manejan redes sociales?\n\nSi les interesa, les mostramos un demo sin compromiso.\nQuedamos atentos,\nEquipo Paragu-AI","¡Hola de nuevo! 👋\n\nPreparamos algo especial para Gimnasio Top Gym:\n\n🌐 Gimnasio Top Gym — SITIO WEB DE DEMO:\nhttps://paragu-ai.com/s/es/preview-gimnasio-top-gym\n\nEste demo está basado en lo que vimos de su negocio. Tiene secciones de servicios, galería, equipo, contacto y más. Se ve perfecto en celulares.\n\n¿Les gustaría agendar una llamada de 10 minutos para ver cómo personalizarlo con sus fotos y colores?\n\nSaludos,\nEquipo Paragu-AI",https://wa.me/59521490074?text=%C2%A1Hola!%20%F0%9F%91%8B%0A%0ASoy%20de%20Paragu-AI%20%F0%9F%8F%8B%EF%B8%8F%20%E2%80%94%20ayudamos%20a%20negocios%20como%20Gimnasio%20Top%20Gym%20a%20tener%20presencia%20web%20profesional.%0A%0ALos%20gimnasios%20con%20p%C3%A1gina%20web%20captan%20muchos%20m%C3%A1s%20clientes%20nuevos.%20Pudimos%20ver%20que%20tienen%20buena%20reputaci%C3%B3n%20pero%20les%20falta%20presencia%20online.%20(%C2%A1203%20rese%C3%B1as%20en%20Google!)%0A%0A%C2%BFActualmente%20tienen%20p%C3%A1gina%20web%20o%20solo%20manejan%20redes%20sociales%3F%0A%0ASi%20les%20interesa%2C%20les%20mostramos%20un%20demo%20sin%20compromiso.%0AQuedamos%20atentos%2C%0AEquipo%20Paragu-AI,https://wa.me/59521490074?text=%C2%A1Hola%20de%20nuevo!%20%F0%9F%91%8B%0A%0APreparamos%20algo%20especial%20para%20Gimnasio%20Top%20Gym%3A%0A%0A%F0%9F%8C%90%20Gimnasio%20Top%20Gym%20%E2%80%94%20SITIO%20WEB%20DE%20DEMO%3A%0Ahttps%3A%2F%2Fparagu-ai.com%2Fs%2Fes%2Fpreview-gimnasio-top-gym%0A%0AEste%20demo%20est%C3%A1%20basado%20en%20lo%20que%20vimos%20de%20su%20negocio.%20Tiene%20secciones%20de%20servicios%2C%20galer%C3%ADa%2C%20equipo%2C%20contacto%20y%20m%C3%A1s.%20Se%20ve%20perfecto%20en%20celulares.%0A%0A%C2%BFLes%20gustar%C3%ADa%20agendar%20una%20llamada%20de%2010%20minutos%20para%20ver%20c%C3%B3mo%20personalizarlo%20con%20sus%20fotos%20y%20colores%3F%0A%0ASaludos%2C%0AEquipo%20Paragu-AI,"🔥 Muy establecido"
88,"Overfit Gym",gimnasio,Capiatá,0994 700029,4.8,159,https://paragu-ai.com/s/es/preview-overfit-gym-9e56d2e1,"¡Hola! 👋\n\nSoy de Paragu-AI 🏋️ — ayudamos a negocios como Overfit Gym a tener presencia web profesional.\n\nLos gimnasios con página web captan muchos más clientes nuevos. Pudimos ver que tienen buena reputación pero les falta presencia online. (¡159 reseñas en Google!)\n\n¿Actualmente tienen página web o solo manejan redes sociales?\n\nSi les interesa, les mostramos un demo sin compromiso.\nQuedamos atentos,\nEquipo Paragu-AI","¡Hola de nuevo! 👋\n\nPreparamos algo especial para Overfit Gym:\n\n🌐 Overfit Gym — SITIO WEB DE DEMO:\nhttps://paragu-ai.com/s/es/preview-overfit-gym-9e56d2e1\n\nEste demo está basado en lo que vimos de su negocio. Tiene secciones de servicios, galería, equipo, contacto y más. Se ve perfecto en celulares.\n\n¿Les gustaría agendar una llamada de 10 minutos para ver cómo personalizarlo con sus fotos y colores?\n\nSaludos,\nEquipo Paragu-AI",https://wa.me/595994700029?text=%C2%A1Hola!%20%F0%9F%91%8B%0A%0ASoy%20de%20Paragu-AI%20%F0%9F%8F%8B%EF%B8%8F%20%E2%80%94%20ayudamos%20a%20negocios%20como%20Overfit%20Gym%20a%20tener%20presencia%20web%20profesional.%0A%0ALos%20gimnasios%20con%20p%C3%A1gina%20web%20captan%20muchos%20m%C3%A1s%20clientes%20nuevos.%20Pudimos%20ver%20que%20tienen%20buena%20reputaci%C3%B3n%20pero%20les%20falta%20presencia%20online.%20(%C2%A1159%20rese%C3%B1as%20en%20Google!)%0A%0A%C2%BFActualmente%20tienen%20p%C3%A1gina%20web%20o%20solo%20manejan%20redes%20sociales%3F%0A%0ASi%20les%20interesa%2C%20les%20mostramos%20un%20demo%20sin%20compromiso.%0AQuedamos%20atentos%2C%0AEquipo%20Paragu-AI,https://wa.me/595994700029?text=%C2%A1Hola%20de%20nuevo!%20%F0%9F%91%8B%0A%0APreparamos%20algo%20especial%20para%20Overfit%20Gym%3A%0A%0A%F0%9F%8C%90%20Overfit%20Gym%20%E2%80%94%20SITIO%20WEB%20DE%20DEMO%3A%0Ahttps%3A%2F%2Fparagu-ai.com%2Fs%2Fes%2Fpreview-overfit-gym-9e56d2e1%0A%0AEste%20demo%20est%C3%A1%20basado%20en%20lo%20que%20vimos%20de%20su%20negocio.%20Tiene%20secciones%20de%20servicios%2C%20galer%C3%ADa%2C%20equipo%2C%20contacto%20y%20m%C3%A1s.%20Se%20ve%20perfecto%20en%20celulares.%0A%0A%C2%BFLes%20gustar%C3%ADa%20agendar%20una%20llamada%20de%2010%20minutos%20para%20ver%20c%C3%B3mo%20personalizarlo%20con%20sus%20fotos%20y%20colores%3F%0A%0ASaludos%2C%0AEquipo%20Paragu-AI,""
88,"Overfit Gym",gimnasio,Capiatá,0994 700029,4.8,159,https://paragu-ai.com/s/es/preview-overfit-gym,"¡Hola! 👋\n\nSoy de Paragu-AI 🏋️ — ayudamos a negocios como Overfit Gym a tener presencia web profesional.\n\nLos gimnasios con página web captan muchos más clientes nuevos. Pudimos ver que tienen buena reputación pero les falta presencia online. (¡159 reseñas en Google!)\n\n¿Actualmente tienen página web o solo manejan redes sociales?\n\nSi les interesa, les mostramos un demo sin compromiso.\nQuedamos atentos,\nEquipo Paragu-AI","¡Hola de nuevo! 👋\n\nPreparamos algo especial para Overfit Gym:\n\n🌐 Overfit Gym — SITIO WEB DE DEMO:\nhttps://paragu-ai.com/s/es/preview-overfit-gym\n\nEste demo está basado en lo que vimos de su negocio. Tiene secciones de servicios, galería, equipo, contacto y más. Se ve perfecto en celulares.\n\n¿Les gustaría agendar una llamada de 10 minutos para ver cómo personalizarlo con sus fotos y colores?\n\nSaludos,\nEquipo Paragu-AI",https://wa.me/595994700029?text=%C2%A1Hola!%20%F0%9F%91%8B%0A%0ASoy%20de%20Paragu-AI%20%F0%9F%8F%8B%EF%B8%8F%20%E2%80%94%20ayudamos%20a%20negocios%20como%20Overfit%20Gym%20a%20tener%20presencia%20web%20profesional.%0A%0ALos%20gimnasios%20con%20p%C3%A1gina%20web%20captan%20muchos%20m%C3%A1s%20clientes%20nuevos.%20Pudimos%20ver%20que%20tienen%20buena%20reputaci%C3%B3n%20pero%20les%20falta%20presencia%20online.%20(%C2%A1159%20rese%C3%B1as%20en%20Google!)%0A%0A%C2%BFActualmente%20tienen%20p%C3%A1gina%20web%20o%20solo%20manejan%20redes%20sociales%3F%0A%0ASi%20les%20interesa%2C%20les%20mostramos%20un%20demo%20sin%20compromiso.%0AQuedamos%20atentos%2C%0AEquipo%20Paragu-AI,https://wa.me/595994700029?text=%C2%A1Hola%20de%20nuevo!%20%F0%9F%91%8B%0A%0APreparamos%20algo%20especial%20para%20Overfit%20Gym%3A%0A%0A%F0%9F%8C%90%20Overfit%20Gym%20%E2%80%94%20SITIO%20WEB%20DE%20DEMO%3A%0Ahttps%3A%2F%2Fparagu-ai.com%2Fs%2Fes%2Fpreview-overfit-gym%0A%0AEste%20demo%20est%C3%A1%20basado%20en%20lo%20que%20vimos%20de%20su%20negocio.%20Tiene%20secciones%20de%20servicios%2C%20galer%C3%ADa%2C%20equipo%2C%20contacto%20y%20m%C3%A1s.%20Se%20ve%20perfecto%20en%20celulares.%0A%0A%C2%BFLes%20gustar%C3%ADa%20agendar%20una%20llamada%20de%2010%20minutos%20para%20ver%20c%C3%B3mo%20personalizarlo%20con%20sus%20fotos%20y%20colores%3F%0A%0ASaludos%2C%0AEquipo%20Paragu-AI,""
88,"GIMNASIO BODY TRAINING",gimnasio,Encarnación,0975 625018,4.8,156,https://paragu-ai.com/s/es/preview-gimnasio-body-training,"¡Hola! 👋\n\nSoy de Paragu-AI 🏋️ — ayudamos a negocios como GIMNASIO BODY TRAINING a tener presencia web profesional.\n\nLos gimnasios con página web captan muchos más clientes nuevos. Pudimos ver que tienen buena reputación pero les falta presencia online. (¡156 reseñas en Google!)\n\n¿Actualmente tienen página web o solo manejan redes sociales?\n\nSi les interesa, les mostramos un demo sin compromiso.\nQuedamos atentos,\nEquipo Paragu-AI","¡Hola de nuevo! 👋\n\nPreparamos algo especial para GIMNASIO BODY TRAINING:\n\n🌐 GIMNASIO BODY TRAINING — SITIO WEB DE DEMO:\nhttps://paragu-ai.com/s/es/preview-gimnasio-body-training\n\nEste demo está basado en lo que vimos de su negocio. Tiene secciones de servicios, galería, equipo, contacto y más. Se ve perfecto en celulares.\n\n¿Les gustaría agendar una llamada de 10 minutos para ver cómo personalizarlo con sus fotos y colores?\n\nSaludos,\nEquipo Paragu-AI",https://wa.me/595975625018?text=%C2%A1Hola!%20%F0%9F%91%8B%0A%0ASoy%20de%20Paragu-AI%20%F0%9F%8F%8B%EF%B8%8F%20%E2%80%94%20ayudamos%20a%20negocios%20como%20GIMNASIO%20BODY%20TRAINING%20a%20tener%20presencia%20web%20profesional.%0A%0ALos%20gimnasios%20con%20p%C3%A1gina%20web%20captan%20muchos%20m%C3%A1s%20clientes%20nuevos.%20Pudimos%20ver%20que%20tienen%20buena%20reputaci%C3%B3n%20pero%20les%20falta%20presencia%20online.%20(%C2%A1156%20rese%C3%B1as%20en%20Google!)%0A%0A%C2%BFActualmente%20tienen%20p%C3%A1gina%20web%20o%20solo%20manejan%20redes%20sociales%3F%0A%0ASi%20les%20interesa%2C%20les%20mostramos%20un%20demo%20sin%20compromiso.%0AQuedamos%20atentos%2C%0AEquipo%20Paragu-AI,https://wa.me/595975625018?text=%C2%A1Hola%20de%20nuevo!%20%F0%9F%91%8B%0A%0APreparamos%20algo%20especial%20para%20GIMNASIO%20BODY%20TRAINING%3A%0A%0A%F0%9F%8C%90%20GIMNASIO%20BODY%20TRAINING%20%E2%80%94%20SITIO%20WEB%20DE%20DEMO%3A%0Ahttps%3A%2F%2Fparagu-ai.com%2Fs%2Fes%2Fpreview-gimnasio-body-training%0A%0AEste%20demo%20est%C3%A1%20basado%20en%20lo%20que%20vimos%20de%20su%20negocio.%20Tiene%20secciones%20de%20servicios%2C%20galer%C3%ADa%2C%20equipo%2C%20contacto%20y%20m%C3%A1s.%20Se%20ve%20perfecto%20en%20celulares.%0A%0A%C2%BFLes%20gustar%C3%ADa%20agendar%20una%20llamada%20de%2010%20minutos%20para%20ver%20c%C3%B3mo%20personalizarlo%20con%20sus%20fotos%20y%20colores%3F%0A%0ASaludos%2C%0AEquipo%20Paragu-AI,""
85,"Mega Cosméticos Asunción",peluqueria,Asunción,0986 477733,4.6,561,https://paragu-ai.com/s/es/preview-mega-cosmticos-asuncin,"¡Hola! 👋\n\nSoy de Paragu-AI ✂️ — ayudamos a negocios como Mega Cosméticos Asunción a tener presencia web profesional.\n\nMuchas peluquerías solo tienen Instagram, pero una página web les da mucha más credibilidad y atrae clientes que buscan servicios específicos. (¡561 reseñas en Google!)\n\n¿Actualmente tienen página web o solo manejan redes sociales?\n\nSi les interesa, les mostramos un demo sin compromiso.\nQuedamos atentos,\nEquipo Paragu-AI","¡Hola de nuevo! 👋\n\nPreparamos algo especial para Mega Cosméticos Asunción:\n\n🌐 Mega Cosméticos Asunción — SITIO WEB DE DEMO:\nhttps://paragu-ai.com/s/es/preview-mega-cosmticos-asuncin\n\nEste demo está basado en lo que vimos de su negocio. Tiene secciones de servicios, galería, equipo, contacto y más. Se ve perfecto en celulares.\n\n¿Les gustaría agendar una llamada de 10 minutos para ver cómo personalizarlo con sus fotos y colores?\n\nSaludos,\nEquipo Paragu-AI",https://wa.me/595986477733?text=%C2%A1Hola!%20%F0%9F%91%8B%0A%0ASoy%20de%20Paragu-AI%20%E2%9C%82%EF%B8%8F%20%E2%80%94%20ayudamos%20a%20negocios%20como%20Mega%20Cosm%C3%A9ticos%20Asunci%C3%B3n%20a%20tener%20presencia%20web%20profesional.%0A%0AMuchas%20peluquer%C3%ADas%20solo%20tienen%20Instagram%2C%20pero%20una%20p%C3%A1gina%20web%20les%20da%20mucha%20m%C3%A1s%20credibilidad%20y%20atrae%20clientes%20que%20buscan%20servicios%20espec%C3%ADficos.%20(%C2%A1561%20rese%C3%B1as%20en%20Google!)%0A%0A%C2%BFActualmente%20tienen%20p%C3%A1gina%20web%20o%20solo%20manejan%20redes%20sociales%3F%0A%0ASi%20les%20interesa%2C%20les%20mostramos%20un%20demo%20sin%20compromiso.%0AQuedamos%20atentos%2C%0AEquipo%20Paragu-AI,https://wa.me/595986477733?text=%C2%A1Hola%20de%20nuevo!%20%F0%9F%91%8B%0A%0APreparamos%20algo%20especial%20para%20Mega%20Cosm%C3%A9ticos%20Asunci%C3%B3n%3A%0A%0A%F0%9F%8C%90%20Mega%20Cosm%C3%A9ticos%20Asunci%C3%B3n%20%E2%80%94%20SITIO%20WEB%20DE%20DEMO%3A%0Ahttps%3A%2F%2Fparagu-ai.com%2Fs%2Fes%2Fpreview-mega-cosmticos-asuncin%0A%0AEste%20demo%20est%C3%A1%20basado%20en%20lo%20que%20vimos%20de%20su%20negocio.%20Tiene%20secciones%20de%20servicios%2C%20galer%C3%ADa%2C%20equipo%2C%20contacto%20y%20m%C3%A1s.%20Se%20ve%20perfecto%20en%20celulares.%0A%0A%C2%BFLes%20gustar%C3%ADa%20agendar%20una%20llamada%20de%2010%20minutos%20para%20ver%20c%C3%B3mo%20personalizarlo%20con%20sus%20fotos%20y%20colores%3F%0A%0ASaludos%2C%0AEquipo%20Paragu-AI,"🔥 Muy establecido"
85,"Natucenter",peluqueria,Presidente Franco,0973 117473,4.8,495,https://paragu-ai.com/s/es/preview-natucenter,"¡Hola! 👋\n\nSoy de Paragu-AI ✂️ — ayudamos a negocios como Natucenter a tener presencia web profesional.\n\nMuchas peluquerías solo tienen Instagram, pero una página web les da mucha más credibilidad y atrae clientes que buscan servicios específicos. (¡495 reseñas en Google!)\n\n¿Actualmente tienen página web o solo manejan redes sociales?\n\nSi les interesa, les mostramos un demo sin compromiso.\nQuedamos atentos,\nEquipo Paragu-AI","¡Hola de nuevo! 👋\n\nPreparamos algo especial para Natucenter:\n\n🌐 Natucenter — SITIO WEB DE DEMO:\nhttps://paragu-ai.com/s/es/preview-natucenter\n\nEste demo está basado en lo que vimos de su negocio. Tiene secciones de servicios, galería, equipo, contacto y más. Se ve perfecto en celulares.\n\n¿Les gustaría agendar una llamada de 10 minutos para ver cómo personalizarlo con sus fotos y colores?\n\nSaludos,\nEquipo Paragu-AI",https://wa.me/595973117473?text=%C2%A1Hola!%20%F0%9F%91%8B%0A%0ASoy%20de%20Paragu-AI%20%E2%9C%82%EF%B8%8F%20%E2%80%94%20ayudamos%20a%20negocios%20como%20Natucenter%20a%20tener%20presencia%20web%20profesional.%0A%0AMuchas%20peluquer%C3%ADas%20solo%20tienen%20Instagram%2C%20pero%20una%20p%C3%A1gina%20web%20les%20da%20mucha%20m%C3%A1s%20credibilidad%20y%20atrae%20clientes%20que%20buscan%20servicios%20espec%C3%ADficos.%20(%C2%A1495%20rese%C3%B1as%20en%20Google!)%0A%0A%C2%BFActualmente%20tienen%20p%C3%A1gina%20web%20o%20solo%20manejan%20redes%20sociales%3F%0A%0ASi%20les%20interesa%2C%20les%20mostramos%20un%20demo%20sin%20compromiso.%0AQuedamos%20atentos%2C%0AEquipo%20Paragu-AI,https://wa.me/595973117473?text=%C2%A1Hola%20de%20nuevo!%20%F0%9F%91%8B%0A%0APreparamos%20algo%20especial%20para%20Natucenter%3A%0A%0A%F0%9F%8C%90%20Natucenter%20%E2%80%94%20SITIO%20WEB%20DE%20DEMO%3A%0Ahttps%3A%2F%2Fparagu-ai.com%2Fs%2Fes%2Fpreview-natucenter%0A%0AEste%20demo%20est%C3%A1%20basado%20en%20lo%20que%20vimos%20de%20su%20negocio.%20Tiene%20secciones%20de%20servicios%2C%20galer%C3%ADa%2C%20equipo%2C%20contacto%20y%20m%C3%A1s.%20Se%20ve%20perfecto%20en%20celulares.%0A%0A%C2%BFLes%20gustar%C3%ADa%20agendar%20una%20llamada%20de%2010%20minutos%20para%20ver%20c%C3%B3mo%20personalizarlo%20con%20sus%20fotos%20y%20colores%3F%0A%0ASaludos%2C%0AEquipo%20Paragu-AI,"🔥 Muy establecido"
85,"Natucenter",peluqueria,Presidente Franco,0973 117473,4.8,495,https://paragu-ai.com/s/es/preview-natucenter-40f3e7d3,"¡Hola! 👋\n\nSoy de Paragu-AI ✂️ — ayudamos a negocios como Natucenter a tener presencia web profesional.\n\nMuchas peluquerías solo tienen Instagram, pero una página web les da mucha más credibilidad y atrae clientes que buscan servicios específicos. (¡495 reseñas en Google!)\n\n¿Actualmente tienen página web o solo manejan redes sociales?\n\nSi les interesa, les mostramos un demo sin compromiso.\nQuedamos atentos,\nEquipo Paragu-AI","¡Hola de nuevo! 👋\n\nPreparamos algo especial para Natucenter:\n\n🌐 Natucenter — SITIO WEB DE DEMO:\nhttps://paragu-ai.com/s/es/preview-natucenter-40f3e7d3\n\nEste demo está basado en lo que vimos de su negocio. Tiene secciones de servicios, galería, equipo, contacto y más. Se ve perfecto en celulares.\n\n¿Les gustaría agendar una llamada de 10 minutos para ver cómo personalizarlo con sus fotos y colores?\n\nSaludos,\nEquipo Paragu-AI",https://wa.me/595973117473?text=%C2%A1Hola!%20%F0%9F%91%8B%0A%0ASoy%20de%20Paragu-AI%20%E2%9C%82%EF%B8%8F%20%E2%80%94%20ayudamos%20a%20negocios%20como%20Natucenter%20a%20tener%20presencia%20web%20profesional.%0A%0AMuchas%20peluquer%C3%ADas%20solo%20tienen%20Instagram%2C%20pero%20una%20p%C3%A1gina%20web%20les%20da%20mucha%20m%C3%A1s%20credibilidad%20y%20atrae%20clientes%20que%20buscan%20servicios%20espec%C3%ADficos.%20(%C2%A1495%20rese%C3%B1as%20en%20Google!)%0A%0A%C2%BFActualmente%20tienen%20p%C3%A1gina%20web%20o%20solo%20manejan%20redes%20sociales%3F%0A%0ASi%20les%20interesa%2C%20les%20mostramos%20un%20demo%20sin%20compromiso.%0AQuedamos%20atentos%2C%0AEquipo%20Paragu-AI,https://wa.me/595973117473?text=%C2%A1Hola%20de%20nuevo!%20%F0%9F%91%8B%0A%0APreparamos%20algo%20especial%20para%20Natucenter%3A%0A%0A%F0%9F%8C%90%20Natucenter%20%E2%80%94%20SITIO%20WEB%20DE%20DEMO%3A%0Ahttps%3A%2F%2Fparagu-ai.com%2Fs%2Fes%2Fpreview-natucenter-40f3e7d3%0A%0AEste%20demo%20est%C3%A1%20basado%20en%20lo%20que%20vimos%20de%20su%20negocio.%20Tiene%20secciones%20de%20servicios%2C%20galer%C3%ADa%2C%20equipo%2C%20contacto%20y%20m%C3%A1s.%20Se%20ve%20perfecto%20en%20celulares.%0A%0A%C2%BFLes%20gustar%C3%ADa%20agendar%20una%20llamada%20de%2010%20minutos%20para%20ver%20c%C3%B3mo%20personalizarlo%20con%20sus%20fotos%20y%20colores%3F%0A%0ASaludos%2C%0AEquipo%20Paragu-AI,"🔥 Muy establecido"
85,"Bellavista Tattoo Studio",peluqueria,Providencia,9 4598 8898,4.8,351,https://paragu-ai.com/s/es/preview-bellavista-tattoo-studio,"¡Hola! 👋\n\nSoy de Paragu-AI ✂️ — ayudamos a negocios como Bellavista Tattoo Studio a tener presencia web profesional.\n\nMuchas peluquerías solo tienen Instagram, pero una página web les da mucha más credibilidad y atrae clientes que buscan servicios específicos. (¡351 reseñas en Google!)\n\n¿Actualmente tienen página web o solo manejan redes sociales?\n\nSi les interesa, les mostramos un demo sin compromiso.\nQuedamos atentos,\nEquipo Paragu-AI","¡Hola de nuevo! 👋\n\nPreparamos algo especial para Bellavista Tattoo Studio:\n\n🌐 Bellavista Tattoo Studio — SITIO WEB DE DEMO:\nhttps://paragu-ai.com/s/es/preview-bellavista-tattoo-studio\n\nEste demo está basado en lo que vimos de su negocio. Tiene secciones de servicios, galería, equipo, contacto y más. Se ve perfecto en celulares.\n\n¿Les gustaría agendar una llamada de 10 minutos para ver cómo personalizarlo con sus fotos y colores?\n\nSaludos,\nEquipo Paragu-AI",https://wa.me/595945988898?text=%C2%A1Hola!%20%F0%9F%91%8B%0A%0ASoy%20de%20Paragu-AI%20%E2%9C%82%EF%B8%8F%20%E2%80%94%20ayudamos%20a%20negocios%20como%20Bellavista%20Tattoo%20Studio%20a%20tener%20presencia%20web%20profesional.%0A%0AMuchas%20peluquer%C3%ADas%20solo%20tienen%20Instagram%2C%20pero%20una%20p%C3%A1gina%20web%20les%20da%20mucha%20m%C3%A1s%20credibilidad%20y%20atrae%20clientes%20que%20buscan%20servicios%20espec%C3%ADficos.%20(%C2%A1351%20rese%C3%B1as%20en%20Google!)%0A%0A%C2%BFActualmente%20tienen%20p%C3%A1gina%20web%20o%20solo%20manejan%20redes%20sociales%3F%0A%0ASi%20les%20interesa%2C%20les%20mostramos%20un%20demo%20sin%20compromiso.%0AQuedamos%20atentos%2C%0AEquipo%20Paragu-AI,https://wa.me/595945988898?text=%C2%A1Hola%20de%20nuevo!%20%F0%9F%91%8B%0A%0APreparamos%20algo%20especial%20para%20Bellavista%20Tattoo%20Studio%3A%0A%0A%F0%9F%8C%90%20Bellavista%20Tattoo%20Studio%20%E2%80%94%20SITIO%20WEB%20DE%20DEMO%3A%0Ahttps%3A%2F%2Fparagu-ai.com%2Fs%2Fes%2Fpreview-bellavista-tattoo-studio%0A%0AEste%20demo%20est%C3%A1%20basado%20en%20lo%20que%20vimos%20de%20su%20negocio.%20Tiene%20secciones%20de%20servicios%2C%20galer%C3%ADa%2C%20equipo%2C%20contacto%20y%20m%C3%A1s.%20Se%20ve%20perfecto%20en%20celulares.%0A%0A%C2%BFLes%20gustar%C3%ADa%20agendar%20una%20llamada%20de%2010%20minutos%20para%20ver%20c%C3%B3mo%20personalizarlo%20con%20sus%20fotos%20y%20colores%3F%0A%0ASaludos%2C%0AEquipo%20Paragu-AI,"🔥 Muy establecido"
85,"Urban Spa Acquadolce",spa,Asunción,0961 281515,4.7,309,https://paragu-ai.com/s/es/preview-urban-spa-acquadolce,"¡Hola! 👋\n\nSoy de Paragu-AI 🧖 — ayudamos a negocios como Urban Spa Acquadolce a tener presencia web profesional.\n\nUn spa con página web transmite mucha más confianza y profesionalismo. Vi sus reseñas excelentes y creo que una web les vendría genial. (¡309 reseñas en Google!)\n\n¿Actualmente tienen página web o solo manejan redes sociales?\n\nSi les interesa, les mostramos un demo sin compromiso.\nQuedamos atentos,\nEquipo Paragu-AI","¡Hola de nuevo! 👋\n\nPreparamos algo especial para Urban Spa Acquadolce:\n\n🌐 Urban Spa Acquadolce — SITIO WEB DE DEMO:\nhttps://paragu-ai.com/s/es/preview-urban-spa-acquadolce\n\nEste demo está basado en lo que vimos de su negocio. Tiene secciones de servicios, galería, equipo, contacto y más. Se ve perfecto en celulares.\n\n¿Les gustaría agendar una llamada de 10 minutos para ver cómo personalizarlo con sus fotos y colores?\n\nSaludos,\nEquipo Paragu-AI",https://wa.me/595961281515?text=%C2%A1Hola!%20%F0%9F%91%8B%0A%0ASoy%20de%20Paragu-AI%20%F0%9F%A7%96%20%E2%80%94%20ayudamos%20a%20negocios%20como%20Urban%20Spa%20Acquadolce%20a%20tener%20presencia%20web%20profesional.%0A%0AUn%20spa%20con%20p%C3%A1gina%20web%20transmite%20mucha%20m%C3%A1s%20confianza%20y%20profesionalismo.%20Vi%20sus%20rese%C3%B1as%20excelentes%20y%20creo%20que%20una%20web%20les%20vendr%C3%ADa%20genial.%20(%C2%A1309%20rese%C3%B1as%20en%20Google!)%0A%0A%C2%BFActualmente%20tienen%20p%C3%A1gina%20web%20o%20solo%20manejan%20redes%20sociales%3F%0A%0ASi%20les%20interesa%2C%20les%20mostramos%20un%20demo%20sin%20compromiso.%0AQuedamos%20atentos%2C%0AEquipo%20Paragu-AI,https://wa.me/595961281515?text=%C2%A1Hola%20de%20nuevo!%20%F0%9F%91%8B%0A%0APreparamos%20algo%20especial%20para%20Urban%20Spa%20Acquadolce%3A%0A%0A%F0%9F%8C%90%20Urban%20Spa%20Acquadolce%20%E2%80%94%20SITIO%20WEB%20DE%20DEMO%3A%0Ahttps%3A%2F%2Fparagu-ai.com%2Fs%2Fes%2Fpreview-urban-spa-acquadolce%0A%0AEste%20demo%20est%C3%A1%20basado%20en%20lo%20que%20vimos%20de%20su%20negocio.%20Tiene%20secciones%20de%20servicios%2C%20galer%C3%ADa%2C%20equipo%2C%20contacto%20y%20m%C3%A1s.%20Se%20ve%20perfecto%20en%20celulares.%0A%0A%C2%BFLes%20gustar%C3%ADa%20agendar%20una%20llamada%20de%2010%20minutos%20para%20ver%20c%C3%B3mo%20personalizarlo%20con%20sus%20fotos%20y%20colores%3F%0A%0ASaludos%2C%0AEquipo%20Paragu-AI,"🔥 Muy establecido"
85,"Charme ASU",peluqueria,Asunción,(021) 612 899,4.5,299,https://paragu-ai.com/s/es/preview-charme-asu,"¡Hola! 👋\n\nSoy de Paragu-AI ✂️ — ayudamos a negocios como Charme ASU a tener presencia web profesional.\n\nMuchas peluquerías solo tienen Instagram, pero una página web les da mucha más credibilidad y atrae clientes que buscan servicios específicos. (¡299 reseñas en Google!)\n\n¿Actualmente tienen página web o solo manejan redes sociales?\n\nSi les interesa, les mostramos un demo sin compromiso.\nQuedamos atentos,\nEquipo Paragu-AI","¡Hola de nuevo! 👋\n\nPreparamos algo especial para Charme ASU:\n\n🌐 Charme ASU — SITIO WEB DE DEMO:\nhttps://paragu-ai.com/s/es/preview-charme-asu\n\nEste demo está basado en lo que vimos de su negocio. Tiene secciones de servicios, galería, equipo, contacto y más. Se ve perfecto en celulares.\n\n¿Les gustaría agendar una llamada de 10 minutos para ver cómo personalizarlo con sus fotos y colores?\n\nSaludos,\nEquipo Paragu-AI",https://wa.me/59521612899?text=%C2%A1Hola!%20%F0%9F%91%8B%0A%0ASoy%20de%20Paragu-AI%20%E2%9C%82%EF%B8%8F%20%E2%80%94%20ayudamos%20a%20negocios%20como%20Charme%20ASU%20a%20tener%20presencia%20web%20profesional.%0A%0AMuchas%20peluquer%C3%ADas%20solo%20tienen%20Instagram%2C%20pero%20una%20p%C3%A1gina%20web%20les%20da%20mucha%20m%C3%A1s%20credibilidad%20y%20atrae%20clientes%20que%20buscan%20servicios%20espec%C3%ADficos.%20(%C2%A1299%20rese%C3%B1as%20en%20Google!)%0A%0A%C2%BFActualmente%20tienen%20p%C3%A1gina%20web%20o%20solo%20manejan%20redes%20sociales%3F%0A%0ASi%20les%20interesa%2C%20les%20mostramos%20un%20demo%20sin%20compromiso.%0AQuedamos%20atentos%2C%0AEquipo%20Paragu-AI,https://wa.me/59521612899?text=%C2%A1Hola%20de%20nuevo!%20%F0%9F%91%8B%0A%0APreparamos%20algo%20especial%20para%20Charme%20ASU%3A%0A%0A%F0%9F%8C%90%20Charme%20ASU%20%E2%80%94%20SITIO%20WEB%20DE%20DEMO%3A%0Ahttps%3A%2F%2Fparagu-ai.com%2Fs%2Fes%2Fpreview-charme-asu%0A%0AEste%20demo%20est%C3%A1%20basado%20en%20lo%20que%20vimos%20de%20su%20negocio.%20Tiene%20secciones%20de%20servicios%2C%20galer%C3%ADa%2C%20equipo%2C%20contacto%20y%20m%C3%A1s.%20Se%20ve%20perfecto%20en%20celulares.%0A%0A%C2%BFLes%20gustar%C3%ADa%20agendar%20una%20llamada%20de%2010%20minutos%20para%20ver%20c%C3%B3mo%20personalizarlo%20con%20sus%20fotos%20y%20colores%3F%0A%0ASaludos%2C%0AEquipo%20Paragu-AI,"🔥 Muy establecido"
85,"Magnolia Peluquería",peluqueria,Asunción,(021) 558 289,4.7,216,https://paragu-ai.com/s/es/preview-magnolia-peluquera,"¡Hola! 👋\n\nSoy de Paragu-AI ✂️ — ayudamos a negocios como Magnolia Peluquería a tener presencia web profesional.\n\nMuchas peluquerías solo tienen Instagram, pero una página web les da mucha más credibilidad y atrae clientes que buscan servicios específicos. (¡216 reseñas en Google!)\n\n¿Actualmente tienen página web o solo manejan redes sociales?\n\nSi les interesa, les mostramos un demo sin compromiso.\nQuedamos atentos,\nEquipo Paragu-AI","¡Hola de nuevo! 👋\n\nPreparamos algo especial para Magnolia Peluquería:\n\n🌐 Magnolia Peluquería — SITIO WEB DE DEMO:\nhttps://paragu-ai.com/s/es/preview-magnolia-peluquera\n\nEste demo está basado en lo que vimos de su negocio. Tiene secciones de servicios, galería, equipo, contacto y más. Se ve perfecto en celulares.\n\n¿Les gustaría agendar una llamada de 10 minutos para ver cómo personalizarlo con sus fotos y colores?\n\nSaludos,\nEquipo Paragu-AI",https://wa.me/59521558289?text=%C2%A1Hola!%20%F0%9F%91%8B%0A%0ASoy%20de%20Paragu-AI%20%E2%9C%82%EF%B8%8F%20%E2%80%94%20ayudamos%20a%20negocios%20como%20Magnolia%20Peluquer%C3%ADa%20a%20tener%20presencia%20web%20profesional.%0A%0AMuchas%20peluquer%C3%ADas%20solo%20tienen%20Instagram%2C%20pero%20una%20p%C3%A1gina%20web%20les%20da%20mucha%20m%C3%A1s%20credibilidad%20y%20atrae%20clientes%20que%20buscan%20servicios%20espec%C3%ADficos.%20(%C2%A1216%20rese%C3%B1as%20en%20Google!)%0A%0A%C2%BFActualmente%20tienen%20p%C3%A1gina%20web%20o%20solo%20manejan%20redes%20sociales%3F%0A%0ASi%20les%20interesa%2C%20les%20mostramos%20un%20demo%20sin%20compromiso.%0AQuedamos%20atentos%2C%0AEquipo%20Paragu-AI,https://wa.me/59521558289?text=%C2%A1Hola%20de%20nuevo!%20%F0%9F%91%8B%0A%0APreparamos%20algo%20especial%20para%20Magnolia%20Peluquer%C3%ADa%3A%0A%0A%F0%9F%8C%90%20Magnolia%20Peluquer%C3%ADa%20%E2%80%94%20SITIO%20WEB%20DE%20DEMO%3A%0Ahttps%3A%2F%2Fparagu-ai.com%2Fs%2Fes%2Fpreview-magnolia-peluquera%0A%0AEste%20demo%20est%C3%A1%20basado%20en%20lo%20que%20vimos%20de%20su%20negocio.%20Tiene%20secciones%20de%20servicios%2C%20galer%C3%ADa%2C%20equipo%2C%20contacto%20y%20m%C3%A1s.%20Se%20ve%20perfecto%20en%20celulares.%0A%0A%C2%BFLes%20gustar%C3%ADa%20agendar%20una%20llamada%20de%2010%20minutos%20para%20ver%20c%C3%B3mo%20personalizarlo%20con%20sus%20fotos%20y%20colores%3F%0A%0ASaludos%2C%0AEquipo%20Paragu-AI,"🔥 Muy establecido"
85,"Teju Jagua Tatuajes",peluqueria,Asunción,0985 857700,4.7,192,https://paragu-ai.com/s/es/preview-teju-jagua-tatuajes,"¡Hola! 👋\n\nSoy de Paragu-AI ✂️ — ayudamos a negocios como Teju Jagua Tatuajes a tener presencia web profesional.\n\nMuchas peluquerías solo tienen Instagram, pero una página web les da mucha más credibilidad y atrae clientes que buscan servicios específicos. (¡192 reseñas en Google!)\n\n¿Actualmente tienen página web o solo manejan redes sociales?\n\nSi les interesa, les mostramos un demo sin compromiso.\nQuedamos atentos,\nEquipo Paragu-AI","¡Hola de nuevo! 👋\n\nPreparamos algo especial para Teju Jagua Tatuajes:\n\n🌐 Teju Jagua Tatuajes — SITIO WEB DE DEMO:\nhttps://paragu-ai.com/s/es/preview-teju-jagua-tatuajes\n\nEste demo está basado en lo que vimos de su negocio. Tiene secciones de servicios, galería, equipo, contacto y más. Se ve perfecto en celulares.\n\n¿Les gustaría agendar una llamada de 10 minutos para ver cómo personalizarlo con sus fotos y colores?\n\nSaludos,\nEquipo Paragu-AI",https://wa.me/595985857700?text=%C2%A1Hola!%20%F0%9F%91%8B%0A%0ASoy%20de%20Paragu-AI%20%E2%9C%82%EF%B8%8F%20%E2%80%94%20ayudamos%20a%20negocios%20como%20Teju%20Jagua%20Tatuajes%20a%20tener%20presencia%20web%20profesional.%0A%0AMuchas%20peluquer%C3%ADas%20solo%20tienen%20Instagram%2C%20pero%20una%20p%C3%A1gina%20web%20les%20da%20mucha%20m%C3%A1s%20credibilidad%20y%20atrae%20clientes%20que%20buscan%20servicios%20espec%C3%ADficos.%20(%C2%A1192%20rese%C3%B1as%20en%20Google!)%0A%0A%C2%BFActualmente%20tienen%20p%C3%A1gina%20web%20o%20solo%20manejan%20redes%20sociales%3F%0A%0ASi%20les%20interesa%2C%20les%20mostramos%20un%20demo%20sin%20compromiso.%0AQuedamos%20atentos%2C%0AEquipo%20Paragu-AI,https://wa.me/595985857700?text=%C2%A1Hola%20de%20nuevo!%20%F0%9F%91%8B%0A%0APreparamos%20algo%20especial%20para%20Teju%20Jagua%20Tatuajes%3A%0A%0A%F0%9F%8C%90%20Teju%20Jagua%20Tatuajes%20%E2%80%94%20SITIO%20WEB%20DE%20DEMO%3A%0Ahttps%3A%2F%2Fparagu-ai.com%2Fs%2Fes%2Fpreview-teju-jagua-tatuajes%0A%0AEste%20demo%20est%C3%A1%20basado%20en%20lo%20que%20vimos%20de%20su%20negocio.%20Tiene%20secciones%20de%20servicios%2C%20galer%C3%ADa%2C%20equipo%2C%20contacto%20y%20m%C3%A1s.%20Se%20ve%20perfecto%20en%20celulares.%0A%0A%C2%BFLes%20gustar%C3%ADa%20agendar%20una%20llamada%20de%2010%20minutos%20para%20ver%20c%C3%B3mo%20personalizarlo%20con%20sus%20fotos%20y%20colores%3F%0A%0ASaludos%2C%0AEquipo%20Paragu-AI,""
85,"Vita Chic",peluqueria,Asunción,0986 506223,4.6,179,https://paragu-ai.com/s/es/preview-vita-chic,"¡Hola! 👋\n\nSoy de Paragu-AI ✂️ — ayudamos a negocios como Vita Chic a tener presencia web profesional.\n\nMuchas peluquerías solo tienen Instagram, pero una página web les da mucha más credibilidad y atrae clientes que buscan servicios específicos. (¡179 reseñas en Google!)\n\n¿Actualmente tienen página web o solo manejan redes sociales?\n\nSi les interesa, les mostramos un demo sin compromiso.\nQuedamos atentos,\nEquipo Paragu-AI","¡Hola de nuevo! 👋\n\nPreparamos algo especial para Vita Chic:\n\n🌐 Vita Chic — SITIO WEB DE DEMO:\nhttps://paragu-ai.com/s/es/preview-vita-chic\n\nEste demo está basado en lo que vimos de su negocio. Tiene secciones de servicios, galería, equipo, contacto y más. Se ve perfecto en celulares.\n\n¿Les gustaría agendar una llamada de 10 minutos para ver cómo personalizarlo con sus fotos y colores?\n\nSaludos,\nEquipo Paragu-AI",https://wa.me/595986506223?text=%C2%A1Hola!%20%F0%9F%91%8B%0A%0ASoy%20de%20Paragu-AI%20%E2%9C%82%EF%B8%8F%20%E2%80%94%20ayudamos%20a%20negocios%20como%20Vita%20Chic%20a%20tener%20presencia%20web%20profesional.%0A%0AMuchas%20peluquer%C3%ADas%20solo%20tienen%20Instagram%2C%20pero%20una%20p%C3%A1gina%20web%20les%20da%20mucha%20m%C3%A1s%20credibilidad%20y%20atrae%20clientes%20que%20buscan%20servicios%20espec%C3%ADficos.%20(%C2%A1179%20rese%C3%B1as%20en%20Google!)%0A%0A%C2%BFActualmente%20tienen%20p%C3%A1gina%20web%20o%20solo%20manejan%20redes%20sociales%3F%0A%0ASi%20les%20interesa%2C%20les%20mostramos%20un%20demo%20sin%20compromiso.%0AQuedamos%20atentos%2C%0AEquipo%20Paragu-AI,https://wa.me/595986506223?text=%C2%A1Hola%20de%20nuevo!%20%F0%9F%91%8B%0A%0APreparamos%20algo%20especial%20para%20Vita%20Chic%3A%0A%0A%F0%9F%8C%90%20Vita%20Chic%20%E2%80%94%20SITIO%20WEB%20DE%20DEMO%3A%0Ahttps%3A%2F%2Fparagu-ai.com%2Fs%2Fes%2Fpreview-vita-chic%0A%0AEste%20demo%20est%C3%A1%20basado%20en%20lo%20que%20vimos%20de%20su%20negocio.%20Tiene%20secciones%20de%20servicios%2C%20galer%C3%ADa%2C%20equipo%2C%20contacto%20y%20m%C3%A1s.%20Se%20ve%20perfecto%20en%20celulares.%0A%0A%C2%BFLes%20gustar%C3%ADa%20agendar%20una%20llamada%20de%2010%20minutos%20para%20ver%20c%C3%B3mo%20personalizarlo%20con%20sus%20fotos%20y%20colores%3F%0A%0ASaludos%2C%0AEquipo%20Paragu-AI,""
85,"Peluquería MMical",peluqueria,Asunción,(021) 606 360,4.7,177,https://paragu-ai.com/s/es/preview-peluquera-mmical,"¡Hola! 👋\n\nSoy de Paragu-AI ✂️ — ayudamos a negocios como Peluquería MMical a tener presencia web profesional.\n\nMuchas peluquerías solo tienen Instagram, pero una página web les da mucha más credibilidad y atrae clientes que buscan servicios específicos. (¡177 reseñas en Google!)\n\n¿Actualmente tienen página web o solo manejan redes sociales?\n\nSi les interesa, les mostramos un demo sin compromiso.\nQuedamos atentos,\nEquipo Paragu-AI","¡Hola de nuevo! 👋\n\nPreparamos algo especial para Peluquería MMical:\n\n🌐 Peluquería MMical — SITIO WEB DE DEMO:\nhttps://paragu-ai.com/s/es/preview-peluquera-mmical\n\nEste demo está basado en lo que vimos de su negocio. Tiene secciones de servicios, galería, equipo, contacto y más. Se ve perfecto en celulares.\n\n¿Les gustaría agendar una llamada de 10 minutos para ver cómo personalizarlo con sus fotos y colores?\n\nSaludos,\nEquipo Paragu-AI",https://wa.me/59521606360?text=%C2%A1Hola!%20%F0%9F%91%8B%0A%0ASoy%20de%20Paragu-AI%20%E2%9C%82%EF%B8%8F%20%E2%80%94%20ayudamos%20a%20negocios%20como%20Peluquer%C3%ADa%20MMical%20a%20tener%20presencia%20web%20profesional.%0A%0AMuchas%20peluquer%C3%ADas%20solo%20tienen%20Instagram%2C%20pero%20una%20p%C3%A1gina%20web%20les%20da%20mucha%20m%C3%A1s%20credibilidad%20y%20atrae%20clientes%20que%20buscan%20servicios%20espec%C3%ADficos.%20(%C2%A1177%20rese%C3%B1as%20en%20Google!)%0A%0A%C2%BFActualmente%20tienen%20p%C3%A1gina%20web%20o%20solo%20manejan%20redes%20sociales%3F%0A%0ASi%20les%20interesa%2C%20les%20mostramos%20un%20demo%20sin%20compromiso.%0AQuedamos%20atentos%2C%0AEquipo%20Paragu-AI,https://wa.me/59521606360?text=%C2%A1Hola%20de%20nuevo!%20%F0%9F%91%8B%0A%0APreparamos%20algo%20especial%20para%20Peluquer%C3%ADa%20MMical%3A%0A%0A%F0%9F%8C%90%20Peluquer%C3%ADa%20MMical%20%E2%80%94%20SITIO%20WEB%20DE%20DEMO%3A%0Ahttps%3A%2F%2Fparagu-ai.com%2Fs%2Fes%2Fpreview-peluquera-mmical%0A%0AEste%20demo%20est%C3%A1%20basado%20en%20lo%20que%20vimos%20de%20su%20negocio.%20Tiene%20secciones%20de%20servicios%2C%20galer%C3%ADa%2C%20equipo%2C%20contacto%20y%20m%C3%A1s.%20Se%20ve%20perfecto%20en%20celulares.%0A%0A%C2%BFLes%20gustar%C3%ADa%20agendar%20una%20llamada%20de%2010%20minutos%20para%20ver%20c%C3%B3mo%20personalizarlo%20con%20sus%20fotos%20y%20colores%3F%0A%0ASaludos%2C%0AEquipo%20Paragu-AI,""
85,"Jazmin Valdivieso Brow and Lash Studio",peluqueria,Asunción,0971 527527,4.5,157,https://paragu-ai.com/s/es/preview-jazmin-valdivieso-brow-and-lash-studio,"¡Hola! 👋\n\nSoy de Paragu-AI ✂️ — ayudamos a negocios como Jazmin Valdivieso Brow and Lash Studio a tener presencia web profesional.\n\nMuchas peluquerías solo tienen Instagram, pero una página web les da mucha más credibilidad y atrae clientes que buscan servicios específicos. (¡157 reseñas en Google!)\n\n¿Actualmente tienen página web o solo manejan redes sociales?\n\nSi les interesa, les mostramos un demo sin compromiso.\nQuedamos atentos,\nEquipo Paragu-AI","¡Hola de nuevo! 👋\n\nPreparamos algo especial para Jazmin Valdivieso Brow and Lash Studio:\n\n🌐 Jazmin Valdivieso Brow and Lash Studio — SITIO WEB DE DEMO:\nhttps://paragu-ai.com/s/es/preview-jazmin-valdivieso-brow-and-lash-studio\n\nEste demo está basado en lo que vimos de su negocio. Tiene secciones de servicios, galería, equipo, contacto y más. Se ve perfecto en celulares.\n\n¿Les gustaría agendar una llamada de 10 minutos para ver cómo personalizarlo con sus fotos y colores?\n\nSaludos,\nEquipo Paragu-AI",https://wa.me/595971527527?text=%C2%A1Hola!%20%F0%9F%91%8B%0A%0ASoy%20de%20Paragu-AI%20%E2%9C%82%EF%B8%8F%20%E2%80%94%20ayudamos%20a%20negocios%20como%20Jazmin%20Valdivieso%20Brow%20and%20Lash%20Studio%20a%20tener%20presencia%20web%20profesional.%0A%0AMuchas%20peluquer%C3%ADas%20solo%20tienen%20Instagram%2C%20pero%20una%20p%C3%A1gina%20web%20les%20da%20mucha%20m%C3%A1s%20credibilidad%20y%20atrae%20clientes%20que%20buscan%20servicios%20espec%C3%ADficos.%20(%C2%A1157%20rese%C3%B1as%20en%20Google!)%0A%0A%C2%BFActualmente%20tienen%20p%C3%A1gina%20web%20o%20solo%20manejan%20redes%20sociales%3F%0A%0ASi%20les%20interesa%2C%20les%20mostramos%20un%20demo%20sin%20compromiso.%0AQuedamos%20atentos%2C%0AEquipo%20Paragu-AI,https://wa.me/595971527527?text=%C2%A1Hola%20de%20nuevo!%20%F0%9F%91%8B%0A%0APreparamos%20algo%20especial%20para%20Jazmin%20Valdivieso%20Brow%20and%20Lash%20Studio%3A%0A%0A%F0%9F%8C%90%20Jazmin%20Valdivieso%20Brow%20and%20Lash%20Studio%20%E2%80%94%20SITIO%20WEB%20DE%20DEMO%3A%0Ahttps%3A%2F%2Fparagu-ai.com%2Fs%2Fes%2Fpreview-jazmin-valdivieso-brow-and-lash-studio%0A%0AEste%20demo%20est%C3%A1%20basado%20en%20lo%20que%20vimos%20de%20su%20negocio.%20Tiene%20secciones%20de%20servicios%2C%20galer%C3%ADa%2C%20equipo%2C%20contacto%20y%20m%C3%A1s.%20Se%20ve%20perfecto%20en%20celulares.%0A%0A%C2%BFLes%20gustar%C3%ADa%20agendar%20una%20llamada%20de%2010%20minutos%20para%20ver%20c%C3%B3mo%20personalizarlo%20con%20sus%20fotos%20y%20colores%3F%0A%0ASaludos%2C%0AEquipo%20Paragu-AI,""
85,"La Casita de los Cristales",peluqueria,Piribebuy,0983 940571,4.8,152,https://paragu-ai.com/s/es/preview-la-casita-de-los-cristales,"¡Hola! 👋\n\nSoy de Paragu-AI ✂️ — ayudamos a negocios como La Casita de los Cristales a tener presencia web profesional.\n\nMuchas peluquerías solo tienen Instagram, pero una página web les da mucha más credibilidad y atrae clientes que buscan servicios específicos. (¡152 reseñas en Google!)\n\n¿Actualmente tienen página web o solo manejan redes sociales?\n\nSi les interesa, les mostramos un demo sin compromiso.\nQuedamos atentos,\nEquipo Paragu-AI","¡Hola de nuevo! 👋\n\nPreparamos algo especial para La Casita de los Cristales:\n\n🌐 La Casita de los Cristales — SITIO WEB DE DEMO:\nhttps://paragu-ai.com/s/es/preview-la-casita-de-los-cristales\n\nEste demo está basado en lo que vimos de su negocio. Tiene secciones de servicios, galería, equipo, contacto y más. Se ve perfecto en celulares.\n\n¿Les gustaría agendar una llamada de 10 minutos para ver cómo personalizarlo con sus fotos y colores?\n\nSaludos,\nEquipo Paragu-AI",https://wa.me/595983940571?text=%C2%A1Hola!%20%F0%9F%91%8B%0A%0ASoy%20de%20Paragu-AI%20%E2%9C%82%EF%B8%8F%20%E2%80%94%20ayudamos%20a%20negocios%20como%20La%20Casita%20de%20los%20Cristales%20a%20tener%20presencia%20web%20profesional.%0A%0AMuchas%20peluquer%C3%ADas%20solo%20tienen%20Instagram%2C%20pero%20una%20p%C3%A1gina%20web%20les%20da%20mucha%20m%C3%A1s%20credibilidad%20y%20atrae%20clientes%20que%20buscan%20servicios%20espec%C3%ADficos.%20(%C2%A1152%20rese%C3%B1as%20en%20Google!)%0A%0A%C2%BFActualmente%20tienen%20p%C3%A1gina%20web%20o%20solo%20manejan%20redes%20sociales%3F%0A%0ASi%20les%20interesa%2C%20les%20mostramos%20un%20demo%20sin%20compromiso.%0AQuedamos%20atentos%2C%0AEquipo%20Paragu-AI,https://wa.me/595983940571?text=%C2%A1Hola%20de%20nuevo!%20%F0%9F%91%8B%0A%0APreparamos%20algo%20especial%20para%20La%20Casita%20de%20los%20Cristales%3A%0A%0A%F0%9F%8C%90%20La%20Casita%20de%20los%20Cristales%20%E2%80%94%20SITIO%20WEB%20DE%20DEMO%3A%0Ahttps%3A%2F%2Fparagu-ai.com%2Fs%2Fes%2Fpreview-la-casita-de-los-cristales%0A%0AEste%20demo%20est%C3%A1%20basado%20en%20lo%20que%20vimos%20de%20su%20negocio.%20Tiene%20secciones%20de%20servicios%2C%20galer%C3%ADa%2C%20equipo%2C%20contacto%20y%20m%C3%A1s.%20Se%20ve%20perfecto%20en%20celulares.%0A%0A%C2%BFLes%20gustar%C3%ADa%20agendar%20una%20llamada%20de%2010%20minutos%20para%20ver%20c%C3%B3mo%20personalizarlo%20con%20sus%20fotos%20y%20colores%3F%0A%0ASaludos%2C%0AEquipo%20Paragu-AI,""
85,"Marianela Atyra",peluqueria,Atyrá,(0520) 20188,4.8,149,https://paragu-ai.com/s/es/preview-marianela-atyra,"¡Hola! 👋\n\nSoy de Paragu-AI ✂️ — ayudamos a negocios como Marianela Atyra a tener presencia web profesional.\n\nMuchas peluquerías solo tienen Instagram, pero una página web les da mucha más credibilidad y atrae clientes que buscan servicios específicos. (¡149 reseñas en Google!)\n\n¿Actualmente tienen página web o solo manejan redes sociales?\n\nSi les interesa, les mostramos un demo sin compromiso.\nQuedamos atentos,\nEquipo Paragu-AI","¡Hola de nuevo! 👋\n\nPreparamos algo especial para Marianela Atyra:\n\n🌐 Marianela Atyra — SITIO WEB DE DEMO:\nhttps://paragu-ai.com/s/es/preview-marianela-atyra\n\nEste demo está basado en lo que vimos de su negocio. Tiene secciones de servicios, galería, equipo, contacto y más. Se ve perfecto en celulares.\n\n¿Les gustaría agendar una llamada de 10 minutos para ver cómo personalizarlo con sus fotos y colores?\n\nSaludos,\nEquipo Paragu-AI",https://wa.me/59552020188?text=%C2%A1Hola!%20%F0%9F%91%8B%0A%0ASoy%20de%20Paragu-AI%20%E2%9C%82%EF%B8%8F%20%E2%80%94%20ayudamos%20a%20negocios%20como%20Marianela%20Atyra%20a%20tener%20presencia%20web%20profesional.%0A%0AMuchas%20peluquer%C3%ADas%20solo%20tienen%20Instagram%2C%20pero%20una%20p%C3%A1gina%20web%20les%20da%20mucha%20m%C3%A1s%20credibilidad%20y%20atrae%20clientes%20que%20buscan%20servicios%20espec%C3%ADficos.%20(%C2%A1149%20rese%C3%B1as%20en%20Google!)%0A%0A%C2%BFActualmente%20tienen%20p%C3%A1gina%20web%20o%20solo%20manejan%20redes%20sociales%3F%0A%0ASi%20les%20interesa%2C%20les%20mostramos%20un%20demo%20sin%20compromiso.%0AQuedamos%20atentos%2C%0AEquipo%20Paragu-AI,https://wa.me/59552020188?text=%C2%A1Hola%20de%20nuevo!%20%F0%9F%91%8B%0A%0APreparamos%20algo%20especial%20para%20Marianela%20Atyra%3A%0A%0A%F0%9F%8C%90%20Marianela%20Atyra%20%E2%80%94%20SITIO%20WEB%20DE%20DEMO%3A%0Ahttps%3A%2F%2Fparagu-ai.com%2Fs%2Fes%2Fpreview-marianela-atyra%0A%0AEste%20demo%20est%C3%A1%20basado%20en%20lo%20que%20vimos%20de%20su%20negocio.%20Tiene%20secciones%20de%20servicios%2C%20galer%C3%ADa%2C%20equipo%2C%20contacto%20y%20m%C3%A1s.%20Se%20ve%20perfecto%20en%20celulares.%0A%0A%C2%BFLes%20gustar%C3%ADa%20agendar%20una%20llamada%20de%2010%20minutos%20para%20ver%20c%C3%B3mo%20personalizarlo%20con%20sus%20fotos%20y%20colores%3F%0A%0ASaludos%2C%0AEquipo%20Paragu-AI,""
85,"L´EVEL Femenino / Masculino",peluqueria,Asunción,(021) 329 2436,4.7,144,https://paragu-ai.com/s/es/preview-level-femenino-masculino,"¡Hola! 👋\n\nSoy de Paragu-AI ✂️ — ayudamos a negocios como L´EVEL Femenino / Masculino a tener presencia web profesional.\n\nMuchas peluquerías solo tienen Instagram, pero una página web les da mucha más credibilidad y atrae clientes que buscan servicios específicos. (¡144 reseñas en Google!)\n\n¿Actualmente tienen página web o solo manejan redes sociales?\n\nSi les interesa, les mostramos un demo sin compromiso.\nQuedamos atentos,\nEquipo Paragu-AI","¡Hola de nuevo! 👋\n\nPreparamos algo especial para L´EVEL Femenino / Masculino:\n\n🌐 L´EVEL Femenino / Masculino — SITIO WEB DE DEMO:\nhttps://paragu-ai.com/s/es/preview-level-femenino-masculino\n\nEste demo está basado en lo que vimos de su negocio. Tiene secciones de servicios, galería, equipo, contacto y más. Se ve perfecto en celulares.\n\n¿Les gustaría agendar una llamada de 10 minutos para ver cómo personalizarlo con sus fotos y colores?\n\nSaludos,\nEquipo Paragu-AI",https://wa.me/595213292436?text=%C2%A1Hola!%20%F0%9F%91%8B%0A%0ASoy%20de%20Paragu-AI%20%E2%9C%82%EF%B8%8F%20%E2%80%94%20ayudamos%20a%20negocios%20como%20L%C2%B4EVEL%20Femenino%20%2F%20Masculino%20a%20tener%20presencia%20web%20profesional.%0A%0AMuchas%20peluquer%C3%ADas%20solo%20tienen%20Instagram%2C%20pero%20una%20p%C3%A1gina%20web%20les%20da%20mucha%20m%C3%A1s%20credibilidad%20y%20atrae%20clientes%20que%20buscan%20servicios%20espec%C3%ADficos.%20(%C2%A1144%20rese%C3%B1as%20en%20Google!)%0A%0A%C2%BFActualmente%20tienen%20p%C3%A1gina%20web%20o%20solo%20manejan%20redes%20sociales%3F%0A%0ASi%20les%20interesa%2C%20les%20mostramos%20un%20demo%20sin%20compromiso.%0AQuedamos%20atentos%2C%0AEquipo%20Paragu-AI,https://wa.me/595213292436?text=%C2%A1Hola%20de%20nuevo!%20%F0%9F%91%8B%0A%0APreparamos%20algo%20especial%20para%20L%C2%B4EVEL%20Femenino%20%2F%20Masculino%3A%0A%0A%F0%9F%8C%90%20L%C2%B4EVEL%20Femenino%20%2F%20Masculino%20%E2%80%94%20SITIO%20WEB%20DE%20DEMO%3A%0Ahttps%3A%2F%2Fparagu-ai.com%2Fs%2Fes%2Fpreview-level-femenino-masculino%0A%0AEste%20demo%20est%C3%A1%20basado%20en%20lo%20que%20vimos%20de%20su%20negocio.%20Tiene%20secciones%20de%20servicios%2C%20galer%C3%ADa%2C%20equipo%2C%20contacto%20y%20m%C3%A1s.%20Se%20ve%20perfecto%20en%20celulares.%0A%0A%C2%BFLes%20gustar%C3%ADa%20agendar%20una%20llamada%20de%2010%20minutos%20para%20ver%20c%C3%B3mo%20personalizarlo%20con%20sus%20fotos%20y%20colores%3F%0A%0ASaludos%2C%0AEquipo%20Paragu-AI,""
85,"Hold Fast Club de Caballeros",peluqueria,Encarnación,0994 176777,4.9,141,https://paragu-ai.com/s/es/preview-hold-fast-club-de-caballeros-40c2193b,"¡Hola! 👋\n\nSoy de Paragu-AI ✂️ — ayudamos a negocios como Hold Fast Club de Caballeros a tener presencia web profesional.\n\nMuchas peluquerías solo tienen Instagram, pero una página web les da mucha más credibilidad y atrae clientes que buscan servicios específicos. (¡141 reseñas en Google!)\n\n¿Actualmente tienen página web o solo manejan redes sociales?\n\nSi les interesa, les mostramos un demo sin compromiso.\nQuedamos atentos,\nEquipo Paragu-AI","¡Hola de nuevo! 👋\n\nPreparamos algo especial para Hold Fast Club de Caballeros:\n\n🌐 Hold Fast Club de Caballeros — SITIO WEB DE DEMO:\nhttps://paragu-ai.com/s/es/preview-hold-fast-club-de-caballeros-40c2193b\n\nEste demo está basado en lo que vimos de su negocio. Tiene secciones de servicios, galería, equipo, contacto y más. Se ve perfecto en celulares.\n\n¿Les gustaría agendar una llamada de 10 minutos para ver cómo personalizarlo con sus fotos y colores?\n\nSaludos,\nEquipo Paragu-AI",https://wa.me/595994176777?text=%C2%A1Hola!%20%F0%9F%91%8B%0A%0ASoy%20de%20Paragu-AI%20%E2%9C%82%EF%B8%8F%20%E2%80%94%20ayudamos%20a%20negocios%20como%20Hold%20Fast%20Club%20de%20Caballeros%20a%20tener%20presencia%20web%20profesional.%0A%0AMuchas%20peluquer%C3%ADas%20solo%20tienen%20Instagram%2C%20pero%20una%20p%C3%A1gina%20web%20les%20da%20mucha%20m%C3%A1s%20credibilidad%20y%20atrae%20clientes%20que%20buscan%20servicios%20espec%C3%ADficos.%20(%C2%A1141%20rese%C3%B1as%20en%20Google!)%0A%0A%C2%BFActualmente%20tienen%20p%C3%A1gina%20web%20o%20solo%20manejan%20redes%20sociales%3F%0A%0ASi%20les%20interesa%2C%20les%20mostramos%20un%20demo%20sin%20compromiso.%0AQuedamos%20atentos%2C%0AEquipo%20Paragu-AI,https://wa.me/595994176777?text=%C2%A1Hola%20de%20nuevo!%20%F0%9F%91%8B%0A%0APreparamos%20algo%20especial%20para%20Hold%20Fast%20Club%20de%20Caballeros%3A%0A%0A%F0%9F%8C%90%20Hold%20Fast%20Club%20de%20Caballeros%20%E2%80%94%20SITIO%20WEB%20DE%20DEMO%3A%0Ahttps%3A%2F%2Fparagu-ai.com%2Fs%2Fes%2Fpreview-hold-fast-club-de-caballeros-40c2193b%0A%0AEste%20demo%20est%C3%A1%20basado%20en%20lo%20que%20vimos%20de%20su%20negocio.%20Tiene%20secciones%20de%20servicios%2C%20galer%C3%ADa%2C%20equipo%2C%20contacto%20y%20m%C3%A1s.%20Se%20ve%20perfecto%20en%20celulares.%0A%0A%C2%BFLes%20gustar%C3%ADa%20agendar%20una%20llamada%20de%2010%20minutos%20para%20ver%20c%C3%B3mo%20personalizarlo%20con%20sus%20fotos%20y%20colores%3F%0A%0ASaludos%2C%0AEquipo%20Paragu-AI,"⭐ Excelente reputación"
85,"Hold Fast Club de Caballeros",peluqueria,Encarnación,0994 176777,4.9,141,https://paragu-ai.com/s/es/preview-hold-fast-club-de-caballeros,"¡Hola! 👋\n\nSoy de Paragu-AI ✂️ — ayudamos a negocios como Hold Fast Club de Caballeros a tener presencia web profesional.\n\nMuchas peluquerías solo tienen Instagram, pero una página web les da mucha más credibilidad y atrae clientes que buscan servicios específicos. (¡141 reseñas en Google!)\n\n¿Actualmente tienen página web o solo manejan redes sociales?\n\nSi les interesa, les mostramos un demo sin compromiso.\nQuedamos atentos,\nEquipo Paragu-AI","¡Hola de nuevo! 👋\n\nPreparamos algo especial para Hold Fast Club de Caballeros:\n\n🌐 Hold Fast Club de Caballeros — SITIO WEB DE DEMO:\nhttps://paragu-ai.com/s/es/preview-hold-fast-club-de-caballeros\n\nEste demo está basado en lo que vimos de su negocio. Tiene secciones de servicios, galería, equipo, contacto y más. Se ve perfecto en celulares.\n\n¿Les gustaría agendar una llamada de 10 minutos para ver cómo personalizarlo con sus fotos y colores?\n\nSaludos,\nEquipo Paragu-AI",https://wa.me/595994176777?text=%C2%A1Hola!%20%F0%9F%91%8B%0A%0ASoy%20de%20Paragu-AI%20%E2%9C%82%EF%B8%8F%20%E2%80%94%20ayudamos%20a%20negocios%20como%20Hold%20Fast%20Club%20de%20Caballeros%20a%20tener%20presencia%20web%20profesional.%0A%0AMuchas%20peluquer%C3%ADas%20solo%20tienen%20Instagram%2C%20pero%20una%20p%C3%A1gina%20web%20les%20da%20mucha%20m%C3%A1s%20credibilidad%20y%20atrae%20clientes%20que%20buscan%20servicios%20espec%C3%ADficos.%20(%C2%A1141%20rese%C3%B1as%20en%20Google!)%0A%0A%C2%BFActualmente%20tienen%20p%C3%A1gina%20web%20o%20solo%20manejan%20redes%20sociales%3F%0A%0ASi%20les%20interesa%2C%20les%20mostramos%20un%20demo%20sin%20compromiso.%0AQuedamos%20atentos%2C%0AEquipo%20Paragu-AI,https://wa.me/595994176777?text=%C2%A1Hola%20de%20nuevo!%20%F0%9F%91%8B%0A%0APreparamos%20algo%20especial%20para%20Hold%20Fast%20Club%20de%20Caballeros%3A%0A%0A%F0%9F%8C%90%20Hold%20Fast%20Club%20de%20Caballeros%20%E2%80%94%20SITIO%20WEB%20DE%20DEMO%3A%0Ahttps%3A%2F%2Fparagu-ai.com%2Fs%2Fes%2Fpreview-hold-fast-club-de-caballeros%0A%0AEste%20demo%20est%C3%A1%20basado%20en%20lo%20que%20vimos%20de%20su%20negocio.%20Tiene%20secciones%20de%20servicios%2C%20galer%C3%ADa%2C%20equipo%2C%20contacto%20y%20m%C3%A1s.%20Se%20ve%20perfecto%20en%20celulares.%0A%0A%C2%BFLes%20gustar%C3%ADa%20agendar%20una%20llamada%20de%2010%20minutos%20para%20ver%20c%C3%B3mo%20personalizarlo%20con%20sus%20fotos%20y%20colores%3F%0A%0ASaludos%2C%0AEquipo%20Paragu-AI,"⭐ Excelente reputación"
85,"Nocho Wellness Gym",spa,Presidente Franco,0961 715906,4.9,139,https://paragu-ai.com/s/es/preview-nocho-wellness-gym-8d3f4b2b,"¡Hola! 👋\n\nSoy de Paragu-AI 🧖 — ayudamos a negocios como Nocho Wellness Gym a tener presencia web profesional.\n\nUn spa con página web transmite mucha más confianza y profesionalismo. Vi sus reseñas excelentes y creo que una web les vendría genial. (¡139 reseñas en Google!)\n\n¿Actualmente tienen página web o solo manejan redes sociales?\n\nSi les interesa, les mostramos un demo sin compromiso.\nQuedamos atentos,\nEquipo Paragu-AI","¡Hola de nuevo! 👋\n\nPreparamos algo especial para Nocho Wellness Gym:\n\n🌐 Nocho Wellness Gym — SITIO WEB DE DEMO:\nhttps://paragu-ai.com/s/es/preview-nocho-wellness-gym-8d3f4b2b\n\nEste demo está basado en lo que vimos de su negocio. Tiene secciones de servicios, galería, equipo, contacto y más. Se ve perfecto en celulares.\n\n¿Les gustaría agendar una llamada de 10 minutos para ver cómo personalizarlo con sus fotos y colores?\n\nSaludos,\nEquipo Paragu-AI",https://wa.me/595961715906?text=%C2%A1Hola!%20%F0%9F%91%8B%0A%0ASoy%20de%20Paragu-AI%20%F0%9F%A7%96%20%E2%80%94%20ayudamos%20a%20negocios%20como%20Nocho%20Wellness%20Gym%20a%20tener%20presencia%20web%20profesional.%0A%0AUn%20spa%20con%20p%C3%A1gina%20web%20transmite%20mucha%20m%C3%A1s%20confianza%20y%20profesionalismo.%20Vi%20sus%20rese%C3%B1as%20excelentes%20y%20creo%20que%20una%20web%20les%20vendr%C3%ADa%20genial.%20(%C2%A1139%20rese%C3%B1as%20en%20Google!)%0A%0A%C2%BFActualmente%20tienen%20p%C3%A1gina%20web%20o%20solo%20manejan%20redes%20sociales%3F%0A%0ASi%20les%20interesa%2C%20les%20mostramos%20un%20demo%20sin%20compromiso.%0AQuedamos%20atentos%2C%0AEquipo%20Paragu-AI,https://wa.me/595961715906?text=%C2%A1Hola%20de%20nuevo!%20%F0%9F%91%8B%0A%0APreparamos%20algo%20especial%20para%20Nocho%20Wellness%20Gym%3A%0A%0A%F0%9F%8C%90%20Nocho%20Wellness%20Gym%20%E2%80%94%20SITIO%20WEB%20DE%20DEMO%3A%0Ahttps%3A%2F%2Fparagu-ai.com%2Fs%2Fes%2Fpreview-nocho-wellness-gym-8d3f4b2b%0A%0AEste%20demo%20est%C3%A1%20basado%20en%20lo%20que%20vimos%20de%20su%20negocio.%20Tiene%20secciones%20de%20servicios%2C%20galer%C3%ADa%2C%20equipo%2C%20contacto%20y%20m%C3%A1s.%20Se%20ve%20perfecto%20en%20celulares.%0A%0A%C2%BFLes%20gustar%C3%ADa%20agendar%20una%20llamada%20de%2010%20minutos%20para%20ver%20c%C3%B3mo%20personalizarlo%20con%20sus%20fotos%20y%20colores%3F%0A%0ASaludos%2C%0AEquipo%20Paragu-AI,"⭐ Excelente reputación"
85,"Nocho Wellness Gym",spa,Presidente Franco,0961 715906,4.9,139,https://paragu-ai.com/s/es/preview-nocho-wellness-gym,"¡Hola! 👋\n\nSoy de Paragu-AI 🧖 — ayudamos a negocios como Nocho Wellness Gym a tener presencia web profesional.\n\nUn spa con página web transmite mucha más confianza y profesionalismo. Vi sus reseñas excelentes y creo que una web les vendría genial. (¡139 reseñas en Google!)\n\n¿Actualmente tienen página web o solo manejan redes sociales?\n\nSi les interesa, les mostramos un demo sin compromiso.\nQuedamos atentos,\nEquipo Paragu-AI","¡Hola de nuevo! 👋\n\nPreparamos algo especial para Nocho Wellness Gym:\n\n🌐 Nocho Wellness Gym — SITIO WEB DE DEMO:\nhttps://paragu-ai.com/s/es/preview-nocho-wellness-gym\n\nEste demo está basado en lo que vimos de su negocio. Tiene secciones de servicios, galería, equipo, contacto y más. Se ve perfecto en celulares.\n\n¿Les gustaría agendar una llamada de 10 minutos para ver cómo personalizarlo con sus fotos y colores?\n\nSaludos,\nEquipo Paragu-AI",https://wa.me/595961715906?text=%C2%A1Hola!%20%F0%9F%91%8B%0A%0ASoy%20de%20Paragu-AI%20%F0%9F%A7%96%20%E2%80%94%20ayudamos%20a%20negocios%20como%20Nocho%20Wellness%20Gym%20a%20tener%20presencia%20web%20profesional.%0A%0AUn%20spa%20con%20p%C3%A1gina%20web%20transmite%20mucha%20m%C3%A1s%20confianza%20y%20profesionalismo.%20Vi%20sus%20rese%C3%B1as%20excelentes%20y%20creo%20que%20una%20web%20les%20vendr%C3%ADa%20genial.%20(%C2%A1139%20rese%C3%B1as%20en%20Google!)%0A%0A%C2%BFActualmente%20tienen%20p%C3%A1gina%20web%20o%20solo%20manejan%20redes%20sociales%3F%0A%0ASi%20les%20interesa%2C%20les%20mostramos%20un%20demo%20sin%20compromiso.%0AQuedamos%20atentos%2C%0AEquipo%20Paragu-AI,https://wa.me/595961715906?text=%C2%A1Hola%20de%20nuevo!%20%F0%9F%91%8B%0A%0APreparamos%20algo%20especial%20para%20Nocho%20Wellness%20Gym%3A%0A%0A%F0%9F%8C%90%20Nocho%20Wellness%20Gym%20%E2%80%94%20SITIO%20WEB%20DE%20DEMO%3A%0Ahttps%3A%2F%2Fparagu-ai.com%2Fs%2Fes%2Fpreview-nocho-wellness-gym%0A%0AEste%20demo%20est%C3%A1%20basado%20en%20lo%20que%20vimos%20de%20su%20negocio.%20Tiene%20secciones%20de%20servicios%2C%20galer%C3%ADa%2C%20equipo%2C%20contacto%20y%20m%C3%A1s.%20Se%20ve%20perfecto%20en%20celulares.%0A%0A%C2%BFLes%20gustar%C3%ADa%20agendar%20una%20llamada%20de%2010%20minutos%20para%20ver%20c%C3%B3mo%20personalizarlo%20con%20sus%20fotos%20y%20colores%3F%0A%0ASaludos%2C%0AEquipo%20Paragu-AI,"⭐ Excelente reputación"
85,"Shirley Nails",peluqueria,Asunción,0991 758633,4.6,137,https://paragu-ai.com/s/es/preview-shirley-nails,"¡Hola! 👋\n\nSoy de Paragu-AI ✂️ — ayudamos a negocios como Shirley Nails a tener presencia web profesional.\n\nMuchas peluquerías solo tienen Instagram, pero una página web les da mucha más credibilidad y atrae clientes que buscan servicios específicos. (¡137 reseñas en Google!)\n\n¿Actualmente tienen página web o solo manejan redes sociales?\n\nSi les interesa, les mostramos un demo sin compromiso.\nQuedamos atentos,\nEquipo Paragu-AI","¡Hola de nuevo! 👋\n\nPreparamos algo especial para Shirley Nails:\n\n🌐 Shirley Nails — SITIO WEB DE DEMO:\nhttps://paragu-ai.com/s/es/preview-shirley-nails\n\nEste demo está basado en lo que vimos de su negocio. Tiene secciones de servicios, galería, equipo, contacto y más. Se ve perfecto en celulares.\n\n¿Les gustaría agendar una llamada de 10 minutos para ver cómo personalizarlo con sus fotos y colores?\n\nSaludos,\nEquipo Paragu-AI",https://wa.me/595991758633?text=%C2%A1Hola!%20%F0%9F%91%8B%0A%0ASoy%20de%20Paragu-AI%20%E2%9C%82%EF%B8%8F%20%E2%80%94%20ayudamos%20a%20negocios%20como%20Shirley%20Nails%20a%20tener%20presencia%20web%20profesional.%0A%0AMuchas%20peluquer%C3%ADas%20solo%20tienen%20Instagram%2C%20pero%20una%20p%C3%A1gina%20web%20les%20da%20mucha%20m%C3%A1s%20credibilidad%20y%20atrae%20clientes%20que%20buscan%20servicios%20espec%C3%ADficos.%20(%C2%A1137%20rese%C3%B1as%20en%20Google!)%0A%0A%C2%BFActualmente%20tienen%20p%C3%A1gina%20web%20o%20solo%20manejan%20redes%20sociales%3F%0A%0ASi%20les%20interesa%2C%20les%20mostramos%20un%20demo%20sin%20compromiso.%0AQuedamos%20atentos%2C%0AEquipo%20Paragu-AI,https://wa.me/595991758633?text=%C2%A1Hola%20de%20nuevo!%20%F0%9F%91%8B%0A%0APreparamos%20algo%20especial%20para%20Shirley%20Nails%3A%0A%0A%F0%9F%8C%90%20Shirley%20Nails%20%E2%80%94%20SITIO%20WEB%20DE%20DEMO%3A%0Ahttps%3A%2F%2Fparagu-ai.com%2Fs%2Fes%2Fpreview-shirley-nails%0A%0AEste%20demo%20est%C3%A1%20basado%20en%20lo%20que%20vimos%20de%20su%20negocio.%20Tiene%20secciones%20de%20servicios%2C%20galer%C3%ADa%2C%20equipo%2C%20contacto%20y%20m%C3%A1s.%20Se%20ve%20perfecto%20en%20celulares.%0A%0A%C2%BFLes%20gustar%C3%ADa%20agendar%20una%20llamada%20de%2010%20minutos%20para%20ver%20c%C3%B3mo%20personalizarlo%20con%20sus%20fotos%20y%20colores%3F%0A%0ASaludos%2C%0AEquipo%20Paragu-AI,""
83,"AVENTURA Centro Deportivo",gimnasio,Lambaré,0985 500023,4.6,272,https://paragu-ai.com/s/es/preview-aventura-centro-deportivo,"¡Hola! 👋\n\nSoy de Paragu-AI 🏋️ — ayudamos a negocios como AVENTURA Centro Deportivo a tener presencia web profesional.\n\nLos gimnasios con página web captan muchos más clientes nuevos. Pudimos ver que tienen buena reputación pero les falta presencia online. (¡272 reseñas en Google!)\n\n¿Actualmente tienen página web o solo manejan redes sociales?\n\nSi les interesa, les mostramos un demo sin compromiso.\nQuedamos atentos,\nEquipo Paragu-AI","¡Hola de nuevo! 👋\n\nPreparamos algo especial para AVENTURA Centro Deportivo:\n\n🌐 AVENTURA Centro Deportivo — SITIO WEB DE DEMO:\nhttps://paragu-ai.com/s/es/preview-aventura-centro-deportivo\n\nEste demo está basado en lo que vimos de su negocio. Tiene secciones de servicios, galería, equipo, contacto y más. Se ve perfecto en celulares.\n\n¿Les gustaría agendar una llamada de 10 minutos para ver cómo personalizarlo con sus fotos y colores?\n\nSaludos,\nEquipo Paragu-AI",https://wa.me/595985500023?text=%C2%A1Hola!%20%F0%9F%91%8B%0A%0ASoy%20de%20Paragu-AI%20%F0%9F%8F%8B%EF%B8%8F%20%E2%80%94%20ayudamos%20a%20negocios%20como%20AVENTURA%20Centro%20Deportivo%20a%20tener%20presencia%20web%20profesional.%0A%0ALos%20gimnasios%20con%20p%C3%A1gina%20web%20captan%20muchos%20m%C3%A1s%20clientes%20nuevos.%20Pudimos%20ver%20que%20tienen%20buena%20reputaci%C3%B3n%20pero%20les%20falta%20presencia%20online.%20(%C2%A1272%20rese%C3%B1as%20en%20Google!)%0A%0A%C2%BFActualmente%20tienen%20p%C3%A1gina%20web%20o%20solo%20manejan%20redes%20sociales%3F%0A%0ASi%20les%20interesa%2C%20les%20mostramos%20un%20demo%20sin%20compromiso.%0AQuedamos%20atentos%2C%0AEquipo%20Paragu-AI,https://wa.me/595985500023?text=%C2%A1Hola%20de%20nuevo!%20%F0%9F%91%8B%0A%0APreparamos%20algo%20especial%20para%20AVENTURA%20Centro%20Deportivo%3A%0A%0A%F0%9F%8C%90%20AVENTURA%20Centro%20Deportivo%20%E2%80%94%20SITIO%20WEB%20DE%20DEMO%3A%0Ahttps%3A%2F%2Fparagu-ai.com%2Fs%2Fes%2Fpreview-aventura-centro-deportivo%0A%0AEste%20demo%20est%C3%A1%20basado%20en%20lo%20que%20vimos%20de%20su%20negocio.%20Tiene%20secciones%20de%20servicios%2C%20galer%C3%ADa%2C%20equipo%2C%20contacto%20y%20m%C3%A1s.%20Se%20ve%20perfecto%20en%20celulares.%0A%0A%C2%BFLes%20gustar%C3%ADa%20agendar%20una%20llamada%20de%2010%20minutos%20para%20ver%20c%C3%B3mo%20personalizarlo%20con%20sus%20fotos%20y%20colores%3F%0A%0ASaludos%2C%0AEquipo%20Paragu-AI,"🔥 Muy establecido"
83,"Gym Victor Niella",gimnasio,Lambaré,0981 400632,4.6,251,https://paragu-ai.com/s/es/preview-gym-victor-niella,"¡Hola! 👋\n\nSoy de Paragu-AI 🏋️ — ayudamos a negocios como Gym Victor Niella a tener presencia web profesional.\n\nLos gimnasios con página web captan muchos más clientes nuevos. Pudimos ver que tienen buena reputación pero les falta presencia online. (¡251 reseñas en Google!)\n\n¿Actualmente tienen página web o solo manejan redes sociales?\n\nSi les interesa, les mostramos un demo sin compromiso.\nQuedamos atentos,\nEquipo Paragu-AI","¡Hola de nuevo! 👋\n\nPreparamos algo especial para Gym Victor Niella:\n\n🌐 Gym Victor Niella — SITIO WEB DE DEMO:\nhttps://paragu-ai.com/s/es/preview-gym-victor-niella\n\nEste demo está basado en lo que vimos de su negocio. Tiene secciones de servicios, galería, equipo, contacto y más. Se ve perfecto en celulares.\n\n¿Les gustaría agendar una llamada de 10 minutos para ver cómo personalizarlo con sus fotos y colores?\n\nSaludos,\nEquipo Paragu-AI",https://wa.me/595981400632?text=%C2%A1Hola!%20%F0%9F%91%8B%0A%0ASoy%20de%20Paragu-AI%20%F0%9F%8F%8B%EF%B8%8F%20%E2%80%94%20ayudamos%20a%20negocios%20como%20Gym%20Victor%20Niella%20a%20tener%20presencia%20web%20profesional.%0A%0ALos%20gimnasios%20con%20p%C3%A1gina%20web%20captan%20muchos%20m%C3%A1s%20clientes%20nuevos.%20Pudimos%20ver%20que%20tienen%20buena%20reputaci%C3%B3n%20pero%20les%20falta%20presencia%20online.%20(%C2%A1251%20rese%C3%B1as%20en%20Google!)%0A%0A%C2%BFActualmente%20tienen%20p%C3%A1gina%20web%20o%20solo%20manejan%20redes%20sociales%3F%0A%0ASi%20les%20interesa%2C%20les%20mostramos%20un%20demo%20sin%20compromiso.%0AQuedamos%20atentos%2C%0AEquipo%20Paragu-AI,https://wa.me/595981400632?text=%C2%A1Hola%20de%20nuevo!%20%F0%9F%91%8B%0A%0APreparamos%20algo%20especial%20para%20Gym%20Victor%20Niella%3A%0A%0A%F0%9F%8C%90%20Gym%20Victor%20Niella%20%E2%80%94%20SITIO%20WEB%20DE%20DEMO%3A%0Ahttps%3A%2F%2Fparagu-ai.com%2Fs%2Fes%2Fpreview-gym-victor-niella%0A%0AEste%20demo%20est%C3%A1%20basado%20en%20lo%20que%20vimos%20de%20su%20negocio.%20Tiene%20secciones%20de%20servicios%2C%20galer%C3%ADa%2C%20equipo%2C%20contacto%20y%20m%C3%A1s.%20Se%20ve%20perfecto%20en%20celulares.%0A%0A%C2%BFLes%20gustar%C3%ADa%20agendar%20una%20llamada%20de%2010%20minutos%20para%20ver%20c%C3%B3mo%20personalizarlo%20con%20sus%20fotos%20y%20colores%3F%0A%0ASaludos%2C%0AEquipo%20Paragu-AI,"🔥 Muy establecido"
83,"Full Fitness Gym",gimnasio,Luque,(021) 640 740,4.7,197,https://paragu-ai.com/s/es/preview-full-fitness-gym,"¡Hola! 👋\n\nSoy de Paragu-AI 🏋️ — ayudamos a negocios como Full Fitness Gym a tener presencia web profesional.\n\nLos gimnasios con página web captan muchos más clientes nuevos. Pudimos ver que tienen buena reputación pero les falta presencia online. (¡197 reseñas en Google!)\n\n¿Actualmente tienen página web o solo manejan redes sociales?\n\nSi les interesa, les mostramos un demo sin compromiso.\nQuedamos atentos,\nEquipo Paragu-AI","¡Hola de nuevo! 👋\n\nPreparamos algo especial para Full Fitness Gym:\n\n🌐 Full Fitness Gym — SITIO WEB DE DEMO:\nhttps://paragu-ai.com/s/es/preview-full-fitness-gym\n\nEste demo está basado en lo que vimos de su negocio. Tiene secciones de servicios, galería, equipo, contacto y más. Se ve perfecto en celulares.\n\n¿Les gustaría agendar una llamada de 10 minutos para ver cómo personalizarlo con sus fotos y colores?\n\nSaludos,\nEquipo Paragu-AI",https://wa.me/59521640740?text=%C2%A1Hola!%20%F0%9F%91%8B%0A%0ASoy%20de%20Paragu-AI%20%F0%9F%8F%8B%EF%B8%8F%20%E2%80%94%20ayudamos%20a%20negocios%20como%20Full%20Fitness%20Gym%20a%20tener%20presencia%20web%20profesional.%0A%0ALos%20gimnasios%20con%20p%C3%A1gina%20web%20captan%20muchos%20m%C3%A1s%20clientes%20nuevos.%20Pudimos%20ver%20que%20tienen%20buena%20reputaci%C3%B3n%20pero%20les%20falta%20presencia%20online.%20(%C2%A1197%20rese%C3%B1as%20en%20Google!)%0A%0A%C2%BFActualmente%20tienen%20p%C3%A1gina%20web%20o%20solo%20manejan%20redes%20sociales%3F%0A%0ASi%20les%20interesa%2C%20les%20mostramos%20un%20demo%20sin%20compromiso.%0AQuedamos%20atentos%2C%0AEquipo%20Paragu-AI,https://wa.me/59521640740?text=%C2%A1Hola%20de%20nuevo!%20%F0%9F%91%8B%0A%0APreparamos%20algo%20especial%20para%20Full%20Fitness%20Gym%3A%0A%0A%F0%9F%8C%90%20Full%20Fitness%20Gym%20%E2%80%94%20SITIO%20WEB%20DE%20DEMO%3A%0Ahttps%3A%2F%2Fparagu-ai.com%2Fs%2Fes%2Fpreview-full-fitness-gym%0A%0AEste%20demo%20est%C3%A1%20basado%20en%20lo%20que%20vimos%20de%20su%20negocio.%20Tiene%20secciones%20de%20servicios%2C%20galer%C3%ADa%2C%20equipo%2C%20contacto%20y%20m%C3%A1s.%20Se%20ve%20perfecto%20en%20celulares.%0A%0A%C2%BFLes%20gustar%C3%ADa%20agendar%20una%20llamada%20de%2010%20minutos%20para%20ver%20c%C3%B3mo%20personalizarlo%20con%20sus%20fotos%20y%20colores%3F%0A%0ASaludos%2C%0AEquipo%20Paragu-AI,""
83,"Medina Fitness",gimnasio,Fernando de la Mora,0981 162190,4.7,183,https://paragu-ai.com/s/es/preview-medina-fitness,"¡Hola! 👋\n\nSoy de Paragu-AI 🏋️ — ayudamos a negocios como Medina Fitness a tener presencia web profesional.\n\nLos gimnasios con página web captan muchos más clientes nuevos. Pudimos ver que tienen buena reputación pero les falta presencia online. (¡183 reseñas en Google!)\n\n¿Actualmente tienen página web o solo manejan redes sociales?\n\nSi les interesa, les mostramos un demo sin compromiso.\nQuedamos atentos,\nEquipo Paragu-AI","¡Hola de nuevo! 👋\n\nPreparamos algo especial para Medina Fitness:\n\n🌐 Medina Fitness — SITIO WEB DE DEMO:\nhttps://paragu-ai.com/s/es/preview-medina-fitness\n\nEste demo está basado en lo que vimos de su negocio. Tiene secciones de servicios, galería, equipo, contacto y más. Se ve perfecto en celulares.\n\n¿Les gustaría agendar una llamada de 10 minutos para ver cómo personalizarlo con sus fotos y colores?\n\nSaludos,\nEquipo Paragu-AI",https://wa.me/595981162190?text=%C2%A1Hola!%20%F0%9F%91%8B%0A%0ASoy%20de%20Paragu-AI%20%F0%9F%8F%8B%EF%B8%8F%20%E2%80%94%20ayudamos%20a%20negocios%20como%20Medina%20Fitness%20a%20tener%20presencia%20web%20profesional.%0A%0ALos%20gimnasios%20con%20p%C3%A1gina%20web%20captan%20muchos%20m%C3%A1s%20clientes%20nuevos.%20Pudimos%20ver%20que%20tienen%20buena%20reputaci%C3%B3n%20pero%20les%20falta%20presencia%20online.%20(%C2%A1183%20rese%C3%B1as%20en%20Google!)%0A%0A%C2%BFActualmente%20tienen%20p%C3%A1gina%20web%20o%20solo%20manejan%20redes%20sociales%3F%0A%0ASi%20les%20interesa%2C%20les%20mostramos%20un%20demo%20sin%20compromiso.%0AQuedamos%20atentos%2C%0AEquipo%20Paragu-AI,https://wa.me/595981162190?text=%C2%A1Hola%20de%20nuevo!%20%F0%9F%91%8B%0A%0APreparamos%20algo%20especial%20para%20Medina%20Fitness%3A%0A%0A%F0%9F%8C%90%20Medina%20Fitness%20%E2%80%94%20SITIO%20WEB%20DE%20DEMO%3A%0Ahttps%3A%2F%2Fparagu-ai.com%2Fs%2Fes%2Fpreview-medina-fitness%0A%0AEste%20demo%20est%C3%A1%20basado%20en%20lo%20que%20vimos%20de%20su%20negocio.%20Tiene%20secciones%20de%20servicios%2C%20galer%C3%ADa%2C%20equipo%2C%20contacto%20y%20m%C3%A1s.%20Se%20ve%20perfecto%20en%20celulares.%0A%0A%C2%BFLes%20gustar%C3%ADa%20agendar%20una%20llamada%20de%2010%20minutos%20para%20ver%20c%C3%B3mo%20personalizarlo%20con%20sus%20fotos%20y%20colores%3F%0A%0ASaludos%2C%0AEquipo%20Paragu-AI,""
83,"Cacique Fit Club",gimnasio,Lambaré,0986 457613,4.7,157,https://paragu-ai.com/s/es/preview-cacique-fit-club,"¡Hola! 👋\n\nSoy de Paragu-AI 🏋️ — ayudamos a negocios como Cacique Fit Club a tener presencia web profesional.\n\nLos gimnasios con página web captan muchos más clientes nuevos. Pudimos ver que tienen buena reputación pero les falta presencia online. (¡157 reseñas en Google!)\n\n¿Actualmente tienen página web o solo manejan redes sociales?\n\nSi les interesa, les mostramos un demo sin compromiso.\nQuedamos atentos,\nEquipo Paragu-AI","¡Hola de nuevo! 👋\n\nPreparamos algo especial para Cacique Fit Club:\n\n🌐 Cacique Fit Club — SITIO WEB DE DEMO:\nhttps://paragu-ai.com/s/es/preview-cacique-fit-club\n\nEste demo está basado en lo que vimos de su negocio. Tiene secciones de servicios, galería, equipo, contacto y más. Se ve perfecto en celulares.\n\n¿Les gustaría agendar una llamada de 10 minutos para ver cómo personalizarlo con sus fotos y colores?\n\nSaludos,\nEquipo Paragu-AI",https://wa.me/595986457613?text=%C2%A1Hola!%20%F0%9F%91%8B%0A%0ASoy%20de%20Paragu-AI%20%F0%9F%8F%8B%EF%B8%8F%20%E2%80%94%20ayudamos%20a%20negocios%20como%20Cacique%20Fit%20Club%20a%20tener%20presencia%20web%20profesional.%0A%0ALos%20gimnasios%20con%20p%C3%A1gina%20web%20captan%20muchos%20m%C3%A1s%20clientes%20nuevos.%20Pudimos%20ver%20que%20tienen%20buena%20reputaci%C3%B3n%20pero%20les%20falta%20presencia%20online.%20(%C2%A1157%20rese%C3%B1as%20en%20Google!)%0A%0A%C2%BFActualmente%20tienen%20p%C3%A1gina%20web%20o%20solo%20manejan%20redes%20sociales%3F%0A%0ASi%20les%20interesa%2C%20les%20mostramos%20un%20demo%20sin%20compromiso.%0AQuedamos%20atentos%2C%0AEquipo%20Paragu-AI,https://wa.me/595986457613?text=%C2%A1Hola%20de%20nuevo!%20%F0%9F%91%8B%0A%0APreparamos%20algo%20especial%20para%20Cacique%20Fit%20Club%3A%0A%0A%F0%9F%8C%90%20Cacique%20Fit%20Club%20%E2%80%94%20SITIO%20WEB%20DE%20DEMO%3A%0Ahttps%3A%2F%2Fparagu-ai.com%2Fs%2Fes%2Fpreview-cacique-fit-club%0A%0AEste%20demo%20est%C3%A1%20basado%20en%20lo%20que%20vimos%20de%20su%20negocio.%20Tiene%20secciones%20de%20servicios%2C%20galer%C3%ADa%2C%20equipo%2C%20contacto%20y%20m%C3%A1s.%20Se%20ve%20perfecto%20en%20celulares.%0A%0A%C2%BFLes%20gustar%C3%ADa%20agendar%20una%20llamada%20de%2010%20minutos%20para%20ver%20c%C3%B3mo%20personalizarlo%20con%20sus%20fotos%20y%20colores%3F%0A%0ASaludos%2C%0AEquipo%20Paragu-AI,""
83,"Tabarelli Training Center",gimnasio,Luque,(021) 655 172,4.5,153,https://paragu-ai.com/s/es/preview-tabarelli-training-center,"¡Hola! 👋\n\nSoy de Paragu-AI 🏋️ — ayudamos a negocios como Tabarelli Training Center a tener presencia web profesional.\n\nLos gimnasios con página web captan muchos más clientes nuevos. Pudimos ver que tienen buena reputación pero les falta presencia online. (¡153 reseñas en Google!)\n\n¿Actualmente tienen página web o solo manejan redes sociales?\n\nSi les interesa, les mostramos un demo sin compromiso.\nQuedamos atentos,\nEquipo Paragu-AI","¡Hola de nuevo! 👋\n\nPreparamos algo especial para Tabarelli Training Center:\n\n🌐 Tabarelli Training Center — SITIO WEB DE DEMO:\nhttps://paragu-ai.com/s/es/preview-tabarelli-training-center\n\nEste demo está basado en lo que vimos de su negocio. Tiene secciones de servicios, galería, equipo, contacto y más. Se ve perfecto en celulares.\n\n¿Les gustaría agendar una llamada de 10 minutos para ver cómo personalizarlo con sus fotos y colores?\n\nSaludos,\nEquipo Paragu-AI",https://wa.me/59521655172?text=%C2%A1Hola!%20%F0%9F%91%8B%0A%0ASoy%20de%20Paragu-AI%20%F0%9F%8F%8B%EF%B8%8F%20%E2%80%94%20ayudamos%20a%20negocios%20como%20Tabarelli%20Training%20Center%20a%20tener%20presencia%20web%20profesional.%0A%0ALos%20gimnasios%20con%20p%C3%A1gina%20web%20captan%20muchos%20m%C3%A1s%20clientes%20nuevos.%20Pudimos%20ver%20que%20tienen%20buena%20reputaci%C3%B3n%20pero%20les%20falta%20presencia%20online.%20(%C2%A1153%20rese%C3%B1as%20en%20Google!)%0A%0A%C2%BFActualmente%20tienen%20p%C3%A1gina%20web%20o%20solo%20manejan%20redes%20sociales%3F%0A%0ASi%20les%20interesa%2C%20les%20mostramos%20un%20demo%20sin%20compromiso.%0AQuedamos%20atentos%2C%0AEquipo%20Paragu-AI,https://wa.me/59521655172?text=%C2%A1Hola%20de%20nuevo!%20%F0%9F%91%8B%0A%0APreparamos%20algo%20especial%20para%20Tabarelli%20Training%20Center%3A%0A%0A%F0%9F%8C%90%20Tabarelli%20Training%20Center%20%E2%80%94%20SITIO%20WEB%20DE%20DEMO%3A%0Ahttps%3A%2F%2Fparagu-ai.com%2Fs%2Fes%2Fpreview-tabarelli-training-center%0A%0AEste%20demo%20est%C3%A1%20basado%20en%20lo%20que%20vimos%20de%20su%20negocio.%20Tiene%20secciones%20de%20servicios%2C%20galer%C3%ADa%2C%20equipo%2C%20contacto%20y%20m%C3%A1s.%20Se%20ve%20perfecto%20en%20celulares.%0A%0A%C2%BFLes%20gustar%C3%ADa%20agendar%20una%20llamada%20de%2010%20minutos%20para%20ver%20c%C3%B3mo%20personalizarlo%20con%20sus%20fotos%20y%20colores%3F%0A%0ASaludos%2C%0AEquipo%20Paragu-AI,""
80,"Vita Cosmeticos",peluqueria,San Lorenzo,(021) 590 730,4.5,412,https://paragu-ai.com/s/es/preview-vita-cosmeticos,"¡Hola! 👋\n\nSoy de Paragu-AI ✂️ — ayudamos a negocios como Vita Cosmeticos a tener presencia web profesional.\n\nMuchas peluquerías solo tienen Instagram, pero una página web les da mucha más credibilidad y atrae clientes que buscan servicios específicos. (¡412 reseñas en Google!)\n\n¿Actualmente tienen página web o solo manejan redes sociales?\n\nSi les interesa, les mostramos un demo sin compromiso.\nQuedamos atentos,\nEquipo Paragu-AI","¡Hola de nuevo! 👋\n\nPreparamos algo especial para Vita Cosmeticos:\n\n🌐 Vita Cosmeticos — SITIO WEB DE DEMO:\nhttps://paragu-ai.com/s/es/preview-vita-cosmeticos\n\nEste demo está basado en lo que vimos de su negocio. Tiene secciones de servicios, galería, equipo, contacto y más. Se ve perfecto en celulares.\n\n¿Les gustaría agendar una llamada de 10 minutos para ver cómo personalizarlo con sus fotos y colores?\n\nSaludos,\nEquipo Paragu-AI",https://wa.me/59521590730?text=%C2%A1Hola!%20%F0%9F%91%8B%0A%0ASoy%20de%20Paragu-AI%20%E2%9C%82%EF%B8%8F%20%E2%80%94%20ayudamos%20a%20negocios%20como%20Vita%20Cosmeticos%20a%20tener%20presencia%20web%20profesional.%0A%0AMuchas%20peluquer%C3%ADas%20solo%20tienen%20Instagram%2C%20pero%20una%20p%C3%A1gina%20web%20les%20da%20mucha%20m%C3%A1s%20credibilidad%20y%20atrae%20clientes%20que%20buscan%20servicios%20espec%C3%ADficos.%20(%C2%A1412%20rese%C3%B1as%20en%20Google!)%0A%0A%C2%BFActualmente%20tienen%20p%C3%A1gina%20web%20o%20solo%20manejan%20redes%20sociales%3F%0A%0ASi%20les%20interesa%2C%20les%20mostramos%20un%20demo%20sin%20compromiso.%0AQuedamos%20atentos%2C%0AEquipo%20Paragu-AI,https://wa.me/59521590730?text=%C2%A1Hola%20de%20nuevo!%20%F0%9F%91%8B%0A%0APreparamos%20algo%20especial%20para%20Vita%20Cosmeticos%3A%0A%0A%F0%9F%8C%90%20Vita%20Cosmeticos%20%E2%80%94%20SITIO%20WEB%20DE%20DEMO%3A%0Ahttps%3A%2F%2Fparagu-ai.com%2Fs%2Fes%2Fpreview-vita-cosmeticos%0A%0AEste%20demo%20est%C3%A1%20basado%20en%20lo%20que%20vimos%20de%20su%20negocio.%20Tiene%20secciones%20de%20servicios%2C%20galer%C3%ADa%2C%20equipo%2C%20contacto%20y%20m%C3%A1s.%20Se%20ve%20perfecto%20en%20celulares.%0A%0A%C2%BFLes%20gustar%C3%ADa%20agendar%20una%20llamada%20de%2010%20minutos%20para%20ver%20c%C3%B3mo%20personalizarlo%20con%20sus%20fotos%20y%20colores%3F%0A%0ASaludos%2C%0AEquipo%20Paragu-AI,"🔥 Muy establecido"
80,"Estelita Estética en Uñas",peluqueria,Fernando de la Mora,0991 204913,4.7,286,https://paragu-ai.com/s/es/preview-estelita-esttica-en-uas,"¡Hola! 👋\n\nSoy de Paragu-AI ✂️ — ayudamos a negocios como Estelita Estética en Uñas a tener presencia web profesional.\n\nMuchas peluquerías solo tienen Instagram, pero una página web les da mucha más credibilidad y atrae clientes que buscan servicios específicos. (¡286 reseñas en Google!)\n\n¿Actualmente tienen página web o solo manejan redes sociales?\n\nSi les interesa, les mostramos un demo sin compromiso.\nQuedamos atentos,\nEquipo Paragu-AI","¡Hola de nuevo! 👋\n\nPreparamos algo especial para Estelita Estética en Uñas:\n\n🌐 Estelita Estética en Uñas — SITIO WEB DE DEMO:\nhttps://paragu-ai.com/s/es/preview-estelita-esttica-en-uas\n\nEste demo está basado en lo que vimos de su negocio. Tiene secciones de servicios, galería, equipo, contacto y más. Se ve perfecto en celulares.\n\n¿Les gustaría agendar una llamada de 10 minutos para ver cómo personalizarlo con sus fotos y colores?\n\nSaludos,\nEquipo Paragu-AI",https://wa.me/595991204913?text=%C2%A1Hola!%20%F0%9F%91%8B%0A%0ASoy%20de%20Paragu-AI%20%E2%9C%82%EF%B8%8F%20%E2%80%94%20ayudamos%20a%20negocios%20como%20Estelita%20Est%C3%A9tica%20en%20U%C3%B1as%20a%20tener%20presencia%20web%20profesional.%0A%0AMuchas%20peluquer%C3%ADas%20solo%20tienen%20Instagram%2C%20pero%20una%20p%C3%A1gina%20web%20les%20da%20mucha%20m%C3%A1s%20credibilidad%20y%20atrae%20clientes%20que%20buscan%20servicios%20espec%C3%ADficos.%20(%C2%A1286%20rese%C3%B1as%20en%20Google!)%0A%0A%C2%BFActualmente%20tienen%20p%C3%A1gina%20web%20o%20solo%20manejan%20redes%20sociales%3F%0A%0ASi%20les%20interesa%2C%20les%20mostramos%20un%20demo%20sin%20compromiso.%0AQuedamos%20atentos%2C%0AEquipo%20Paragu-AI,https://wa.me/595991204913?text=%C2%A1Hola%20de%20nuevo!%20%F0%9F%91%8B%0A%0APreparamos%20algo%20especial%20para%20Estelita%20Est%C3%A9tica%20en%20U%C3%B1as%3A%0A%0A%F0%9F%8C%90%20Estelita%20Est%C3%A9tica%20en%20U%C3%B1as%20%E2%80%94%20SITIO%20WEB%20DE%20DEMO%3A%0Ahttps%3A%2F%2Fparagu-ai.com%2Fs%2Fes%2Fpreview-estelita-esttica-en-uas%0A%0AEste%20demo%20est%C3%A1%20basado%20en%20lo%20que%20vimos%20de%20su%20negocio.%20Tiene%20secciones%20de%20servicios%2C%20galer%C3%ADa%2C%20equipo%2C%20contacto%20y%20m%C3%A1s.%20Se%20ve%20perfecto%20en%20celulares.%0A%0A%C2%BFLes%20gustar%C3%ADa%20agendar%20una%20llamada%20de%2010%20minutos%20para%20ver%20c%C3%B3mo%20personalizarlo%20con%20sus%20fotos%20y%20colores%3F%0A%0ASaludos%2C%0AEquipo%20Paragu-AI,"🔥 Muy establecido"
80,"Essencial SPA",spa,Luque,0982 338886,4.6,285,https://paragu-ai.com/s/es/preview-essencial-spa,"¡Hola! 👋\n\nSoy de Paragu-AI 🧖 — ayudamos a negocios como Essencial SPA a tener presencia web profesional.\n\nUn spa con página web transmite mucha más confianza y profesionalismo. Vi sus reseñas excelentes y creo que una web les vendría genial. (¡285 reseñas en Google!)\n\n¿Actualmente tienen página web o solo manejan redes sociales?\n\nSi les interesa, les mostramos un demo sin compromiso.\nQuedamos atentos,\nEquipo Paragu-AI","¡Hola de nuevo! 👋\n\nPreparamos algo especial para Essencial SPA:\n\n🌐 Essencial SPA — SITIO WEB DE DEMO:\nhttps://paragu-ai.com/s/es/preview-essencial-spa\n\nEste demo está basado en lo que vimos de su negocio. Tiene secciones de servicios, galería, equipo, contacto y más. Se ve perfecto en celulares.\n\n¿Les gustaría agendar una llamada de 10 minutos para ver cómo personalizarlo con sus fotos y colores?\n\nSaludos,\nEquipo Paragu-AI",https://wa.me/595982338886?text=%C2%A1Hola!%20%F0%9F%91%8B%0A%0ASoy%20de%20Paragu-AI%20%F0%9F%A7%96%20%E2%80%94%20ayudamos%20a%20negocios%20como%20Essencial%20SPA%20a%20tener%20presencia%20web%20profesional.%0A%0AUn%20spa%20con%20p%C3%A1gina%20web%20transmite%20mucha%20m%C3%A1s%20confianza%20y%20profesionalismo.%20Vi%20sus%20rese%C3%B1as%20excelentes%20y%20creo%20que%20una%20web%20les%20vendr%C3%ADa%20genial.%20(%C2%A1285%20rese%C3%B1as%20en%20Google!)%0A%0A%C2%BFActualmente%20tienen%20p%C3%A1gina%20web%20o%20solo%20manejan%20redes%20sociales%3F%0A%0ASi%20les%20interesa%2C%20les%20mostramos%20un%20demo%20sin%20compromiso.%0AQuedamos%20atentos%2C%0AEquipo%20Paragu-AI,https://wa.me/595982338886?text=%C2%A1Hola%20de%20nuevo!%20%F0%9F%91%8B%0A%0APreparamos%20algo%20especial%20para%20Essencial%20SPA%3A%0A%0A%F0%9F%8C%90%20Essencial%20SPA%20%E2%80%94%20SITIO%20WEB%20DE%20DEMO%3A%0Ahttps%3A%2F%2Fparagu-ai.com%2Fs%2Fes%2Fpreview-essencial-spa%0A%0AEste%20demo%20est%C3%A1%20basado%20en%20lo%20que%20vimos%20de%20su%20negocio.%20Tiene%20secciones%20de%20servicios%2C%20galer%C3%ADa%2C%20equipo%2C%20contacto%20y%20m%C3%A1s.%20Se%20ve%20perfecto%20en%20celulares.%0A%0A%C2%BFLes%20gustar%C3%ADa%20agendar%20una%20llamada%20de%2010%20minutos%20para%20ver%20c%C3%B3mo%20personalizarlo%20con%20sus%20fotos%20y%20colores%3F%0A%0ASaludos%2C%0AEquipo%20Paragu-AI,"🔥 Muy establecido"
80,"Jazmin Cosmeticos",peluqueria,Lambaré,0981 961766,4.6,211,https://paragu-ai.com/s/es/preview-jazmin-cosmeticos,"¡Hola! 👋\n\nSoy de Paragu-AI ✂️ — ayudamos a negocios como Jazmin Cosmeticos a tener presencia web profesional.\n\nMuchas peluquerías solo tienen Instagram, pero una página web les da mucha más credibilidad y atrae clientes que buscan servicios específicos. (¡211 reseñas en Google!)\n\n¿Actualmente tienen página web o solo manejan redes sociales?\n\nSi les interesa, les mostramos un demo sin compromiso.\nQuedamos atentos,\nEquipo Paragu-AI","¡Hola de nuevo! 👋\n\nPreparamos algo especial para Jazmin Cosmeticos:\n\n🌐 Jazmin Cosmeticos — SITIO WEB DE DEMO:\nhttps://paragu-ai.com/s/es/preview-jazmin-cosmeticos\n\nEste demo está basado en lo que vimos de su negocio. Tiene secciones de servicios, galería, equipo, contacto y más. Se ve perfecto en celulares.\n\n¿Les gustaría agendar una llamada de 10 minutos para ver cómo personalizarlo con sus fotos y colores?\n\nSaludos,\nEquipo Paragu-AI",https://wa.me/595981961766?text=%C2%A1Hola!%20%F0%9F%91%8B%0A%0ASoy%20de%20Paragu-AI%20%E2%9C%82%EF%B8%8F%20%E2%80%94%20ayudamos%20a%20negocios%20como%20Jazmin%20Cosmeticos%20a%20tener%20presencia%20web%20profesional.%0A%0AMuchas%20peluquer%C3%ADas%20solo%20tienen%20Instagram%2C%20pero%20una%20p%C3%A1gina%20web%20les%20da%20mucha%20m%C3%A1s%20credibilidad%20y%20atrae%20clientes%20que%20buscan%20servicios%20espec%C3%ADficos.%20(%C2%A1211%20rese%C3%B1as%20en%20Google!)%0A%0A%C2%BFActualmente%20tienen%20p%C3%A1gina%20web%20o%20solo%20manejan%20redes%20sociales%3F%0A%0ASi%20les%20interesa%2C%20les%20mostramos%20un%20demo%20sin%20compromiso.%0AQuedamos%20atentos%2C%0AEquipo%20Paragu-AI,https://wa.me/595981961766?text=%C2%A1Hola%20de%20nuevo!%20%F0%9F%91%8B%0A%0APreparamos%20algo%20especial%20para%20Jazmin%20Cosmeticos%3A%0A%0A%F0%9F%8C%90%20Jazmin%20Cosmeticos%20%E2%80%94%20SITIO%20WEB%20DE%20DEMO%3A%0Ahttps%3A%2F%2Fparagu-ai.com%2Fs%2Fes%2Fpreview-jazmin-cosmeticos%0A%0AEste%20demo%20est%C3%A1%20basado%20en%20lo%20que%20vimos%20de%20su%20negocio.%20Tiene%20secciones%20de%20servicios%2C%20galer%C3%ADa%2C%20equipo%2C%20contacto%20y%20m%C3%A1s.%20Se%20ve%20perfecto%20en%20celulares.%0A%0A%C2%BFLes%20gustar%C3%ADa%20agendar%20una%20llamada%20de%2010%20minutos%20para%20ver%20c%C3%B3mo%20personalizarlo%20con%20sus%20fotos%20y%20colores%3F%0A%0ASaludos%2C%0AEquipo%20Paragu-AI,"🔥 Muy establecido"
80,"Leticia Carballo Makeup & Store",maquillaje,Fernando de la Mora,0984 904215,4.6,206,https://paragu-ai.com/s/es/preview-leticia-carballo-makeup-store-83035cf0,"¡Hola! 👋\n\nSoy de Paragu-AI 💄 — ayudamos a negocios como Leticia Carballo Makeup & Store a tener presencia web profesional.\n\nComo maquilladora profesional, un portafolio web es fundamental. Muestra mucho más profesionalismo que solo Instagram. (¡206 reseñas en Google!)\n\n¿Actualmente tienen página web o solo manejan redes sociales?\n\nSi les interesa, les mostramos un demo sin compromiso.\nQuedamos atentos,\nEquipo Paragu-AI","¡Hola de nuevo! 👋\n\nPreparamos algo especial para Leticia Carballo Makeup & Store:\n\n🌐 Leticia Carballo Makeup & Store — SITIO WEB DE DEMO:\nhttps://paragu-ai.com/s/es/preview-leticia-carballo-makeup-store-83035cf0\n\nEste demo está basado en lo que vimos de su negocio. Tiene secciones de servicios, galería, equipo, contacto y más. Se ve perfecto en celulares.\n\n¿Les gustaría agendar una llamada de 10 minutos para ver cómo personalizarlo con sus fotos y colores?\n\nSaludos,\nEquipo Paragu-AI",https://wa.me/595984904215?text=%C2%A1Hola!%20%F0%9F%91%8B%0A%0ASoy%20de%20Paragu-AI%20%F0%9F%92%84%20%E2%80%94%20ayudamos%20a%20negocios%20como%20Leticia%20Carballo%20Makeup%20%26%20Store%20a%20tener%20presencia%20web%20profesional.%0A%0AComo%20maquilladora%20profesional%2C%20un%20portafolio%20web%20es%20fundamental.%20Muestra%20mucho%20m%C3%A1s%20profesionalismo%20que%20solo%20Instagram.%20(%C2%A1206%20rese%C3%B1as%20en%20Google!)%0A%0A%C2%BFActualmente%20tienen%20p%C3%A1gina%20web%20o%20solo%20manejan%20redes%20sociales%3F%0A%0ASi%20les%20interesa%2C%20les%20mostramos%20un%20demo%20sin%20compromiso.%0AQuedamos%20atentos%2C%0AEquipo%20Paragu-AI,https://wa.me/595984904215?text=%C2%A1Hola%20de%20nuevo!%20%F0%9F%91%8B%0A%0APreparamos%20algo%20especial%20para%20Leticia%20Carballo%20Makeup%20%26%20Store%3A%0A%0A%F0%9F%8C%90%20Leticia%20Carballo%20Makeup%20%26%20Store%20%E2%80%94%20SITIO%20WEB%20DE%20DEMO%3A%0Ahttps%3A%2F%2Fparagu-ai.com%2Fs%2Fes%2Fpreview-leticia-carballo-makeup-store-83035cf0%0A%0AEste%20demo%20est%C3%A1%20basado%20en%20lo%20que%20vimos%20de%20su%20negocio.%20Tiene%20secciones%20de%20servicios%2C%20galer%C3%ADa%2C%20equipo%2C%20contacto%20y%20m%C3%A1s.%20Se%20ve%20perfecto%20en%20celulares.%0A%0A%C2%BFLes%20gustar%C3%ADa%20agendar%20una%20llamada%20de%2010%20minutos%20para%20ver%20c%C3%B3mo%20personalizarlo%20con%20sus%20fotos%20y%20colores%3F%0A%0ASaludos%2C%0AEquipo%20Paragu-AI,"🔥 Muy establecido"
80,"Leticia Carballo Makeup & Store",maquillaje,Fernando de la Mora,0984 904215,4.6,206,https://paragu-ai.com/s/es/preview-leticia-carballo-makeup-store,"¡Hola! 👋\n\nSoy de Paragu-AI 💄 — ayudamos a negocios como Leticia Carballo Makeup & Store a tener presencia web profesional.\n\nComo maquilladora profesional, un portafolio web es fundamental. Muestra mucho más profesionalismo que solo Instagram. (¡206 reseñas en Google!)\n\n¿Actualmente tienen página web o solo manejan redes sociales?\n\nSi les interesa, les mostramos un demo sin compromiso.\nQuedamos atentos,\nEquipo Paragu-AI","¡Hola de nuevo! 👋\n\nPreparamos algo especial para Leticia Carballo Makeup & Store:\n\n🌐 Leticia Carballo Makeup & Store — SITIO WEB DE DEMO:\nhttps://paragu-ai.com/s/es/preview-leticia-carballo-makeup-store\n\nEste demo está basado en lo que vimos de su negocio. Tiene secciones de servicios, galería, equipo, contacto y más. Se ve perfecto en celulares.\n\n¿Les gustaría agendar una llamada de 10 minutos para ver cómo personalizarlo con sus fotos y colores?\n\nSaludos,\nEquipo Paragu-AI",https://wa.me/595984904215?text=%C2%A1Hola!%20%F0%9F%91%8B%0A%0ASoy%20de%20Paragu-AI%20%F0%9F%92%84%20%E2%80%94%20ayudamos%20a%20negocios%20como%20Leticia%20Carballo%20Makeup%20%26%20Store%20a%20tener%20presencia%20web%20profesional.%0A%0AComo%20maquilladora%20profesional%2C%20un%20portafolio%20web%20es%20fundamental.%20Muestra%20mucho%20m%C3%A1s%20profesionalismo%20que%20solo%20Instagram.%20(%C2%A1206%20rese%C3%B1as%20en%20Google!)%0A%0A%C2%BFActualmente%20tienen%20p%C3%A1gina%20web%20o%20solo%20manejan%20redes%20sociales%3F%0A%0ASi%20les%20interesa%2C%20les%20mostramos%20un%20demo%20sin%20compromiso.%0AQuedamos%20atentos%2C%0AEquipo%20Paragu-AI,https://wa.me/595984904215?text=%C2%A1Hola%20de%20nuevo!%20%F0%9F%91%8B%0A%0APreparamos%20algo%20especial%20para%20Leticia%20Carballo%20Makeup%20%26%20Store%3A%0A%0A%F0%9F%8C%90%20Leticia%20Carballo%20Makeup%20%26%20Store%20%E2%80%94%20SITIO%20WEB%20DE%20DEMO%3A%0Ahttps%3A%2F%2Fparagu-ai.com%2Fs%2Fes%2Fpreview-leticia-carballo-makeup-store%0A%0AEste%20demo%20est%C3%A1%20basado%20en%20lo%20que%20vimos%20de%20su%20negocio.%20Tiene%20secciones%20de%20servicios%2C%20galer%C3%ADa%2C%20equipo%2C%20contacto%20y%20m%C3%A1s.%20Se%20ve%20perfecto%20en%20celulares.%0A%0A%C2%BFLes%20gustar%C3%ADa%20agendar%20una%20llamada%20de%2010%20minutos%20para%20ver%20c%C3%B3mo%20personalizarlo%20con%20sus%20fotos%20y%20colores%3F%0A%0ASaludos%2C%0AEquipo%20Paragu-AI,"🔥 Muy establecido"
80,"Más Bonita Cosméticos",peluqueria,Fernando de la Mora,0983 342707,4.7,202,https://paragu-ai.com/s/es/preview-ms-bonita-cosmticos,"¡Hola! 👋\n\nSoy de Paragu-AI ✂️ — ayudamos a negocios como Más Bonita Cosméticos a tener presencia web profesional.\n\nMuchas peluquerías solo tienen Instagram, pero una página web les da mucha más credibilidad y atrae clientes que buscan servicios específicos. (¡202 reseñas en Google!)\n\n¿Actualmente tienen página web o solo manejan redes sociales?\n\nSi les interesa, les mostramos un demo sin compromiso.\nQuedamos atentos,\nEquipo Paragu-AI","¡Hola de nuevo! 👋\n\nPreparamos algo especial para Más Bonita Cosméticos:\n\n🌐 Más Bonita Cosméticos — SITIO WEB DE DEMO:\nhttps://paragu-ai.com/s/es/preview-ms-bonita-cosmticos\n\nEste demo está basado en lo que vimos de su negocio. Tiene secciones de servicios, galería, equipo, contacto y más. Se ve perfecto en celulares.\n\n¿Les gustaría agendar una llamada de 10 minutos para ver cómo personalizarlo con sus fotos y colores?\n\nSaludos,\nEquipo Paragu-AI",https://wa.me/595983342707?text=%C2%A1Hola!%20%F0%9F%91%8B%0A%0ASoy%20de%20Paragu-AI%20%E2%9C%82%EF%B8%8F%20%E2%80%94%20ayudamos%20a%20negocios%20como%20M%C3%A1s%20Bonita%20Cosm%C3%A9ticos%20a%20tener%20presencia%20web%20profesional.%0A%0AMuchas%20peluquer%C3%ADas%20solo%20tienen%20Instagram%2C%20pero%20una%20p%C3%A1gina%20web%20les%20da%20mucha%20m%C3%A1s%20credibilidad%20y%20atrae%20clientes%20que%20buscan%20servicios%20espec%C3%ADficos.%20(%C2%A1202%20rese%C3%B1as%20en%20Google!)%0A%0A%C2%BFActualmente%20tienen%20p%C3%A1gina%20web%20o%20solo%20manejan%20redes%20sociales%3F%0A%0ASi%20les%20interesa%2C%20les%20mostramos%20un%20demo%20sin%20compromiso.%0AQuedamos%20atentos%2C%0AEquipo%20Paragu-AI,https://wa.me/595983342707?text=%C2%A1Hola%20de%20nuevo!%20%F0%9F%91%8B%0A%0APreparamos%20algo%20especial%20para%20M%C3%A1s%20Bonita%20Cosm%C3%A9ticos%3A%0A%0A%F0%9F%8C%90%20M%C3%A1s%20Bonita%20Cosm%C3%A9ticos%20%E2%80%94%20SITIO%20WEB%20DE%20DEMO%3A%0Ahttps%3A%2F%2Fparagu-ai.com%2Fs%2Fes%2Fpreview-ms-bonita-cosmticos%0A%0AEste%20demo%20est%C3%A1%20basado%20en%20lo%20que%20vimos%20de%20su%20negocio.%20Tiene%20secciones%20de%20servicios%2C%20galer%C3%ADa%2C%20equipo%2C%20contacto%20y%20m%C3%A1s.%20Se%20ve%20perfecto%20en%20celulares.%0A%0A%C2%BFLes%20gustar%C3%ADa%20agendar%20una%20llamada%20de%2010%20minutos%20para%20ver%20c%C3%B3mo%20personalizarlo%20con%20sus%20fotos%20y%20colores%3F%0A%0ASaludos%2C%0AEquipo%20Paragu-AI,"🔥 Muy establecido"
80,"MAR BER peluqueria",peluqueria,Lambaré,(021) 921 827,4.5,195,https://paragu-ai.com/s/es/preview-mar-ber-peluqueria,"¡Hola! 👋\n\nSoy de Paragu-AI ✂️ — ayudamos a negocios como MAR BER peluqueria a tener presencia web profesional.\n\nMuchas peluquerías solo tienen Instagram, pero una página web les da mucha más credibilidad y atrae clientes que buscan servicios específicos. (¡195 reseñas en Google!)\n\n¿Actualmente tienen página web o solo manejan redes sociales?\n\nSi les interesa, les mostramos un demo sin compromiso.\nQuedamos atentos,\nEquipo Paragu-AI","¡Hola de nuevo! 👋\n\nPreparamos algo especial para MAR BER peluqueria:\n\n🌐 MAR BER peluqueria — SITIO WEB DE DEMO:\nhttps://paragu-ai.com/s/es/preview-mar-ber-peluqueria\n\nEste demo está basado en lo que vimos de su negocio. Tiene secciones de servicios, galería, equipo, contacto y más. Se ve perfecto en celulares.\n\n¿Les gustaría agendar una llamada de 10 minutos para ver cómo personalizarlo con sus fotos y colores?\n\nSaludos,\nEquipo Paragu-AI",https://wa.me/59521921827?text=%C2%A1Hola!%20%F0%9F%91%8B%0A%0ASoy%20de%20Paragu-AI%20%E2%9C%82%EF%B8%8F%20%E2%80%94%20ayudamos%20a%20negocios%20como%20MAR%20BER%20peluqueria%20a%20tener%20presencia%20web%20profesional.%0A%0AMuchas%20peluquer%C3%ADas%20solo%20tienen%20Instagram%2C%20pero%20una%20p%C3%A1gina%20web%20les%20da%20mucha%20m%C3%A1s%20credibilidad%20y%20atrae%20clientes%20que%20buscan%20servicios%20espec%C3%ADficos.%20(%C2%A1195%20rese%C3%B1as%20en%20Google!)%0A%0A%C2%BFActualmente%20tienen%20p%C3%A1gina%20web%20o%20solo%20manejan%20redes%20sociales%3F%0A%0ASi%20les%20interesa%2C%20les%20mostramos%20un%20demo%20sin%20compromiso.%0AQuedamos%20atentos%2C%0AEquipo%20Paragu-AI,https://wa.me/59521921827?text=%C2%A1Hola%20de%20nuevo!%20%F0%9F%91%8B%0A%0APreparamos%20algo%20especial%20para%20MAR%20BER%20peluqueria%3A%0A%0A%F0%9F%8C%90%20MAR%20BER%20peluqueria%20%E2%80%94%20SITIO%20WEB%20DE%20DEMO%3A%0Ahttps%3A%2F%2Fparagu-ai.com%2Fs%2Fes%2Fpreview-mar-ber-peluqueria%0A%0AEste%20demo%20est%C3%A1%20basado%20en%20lo%20que%20vimos%20de%20su%20negocio.%20Tiene%20secciones%20de%20servicios%2C%20galer%C3%ADa%2C%20equipo%2C%20contacto%20y%20m%C3%A1s.%20Se%20ve%20perfecto%20en%20celulares.%0A%0A%C2%BFLes%20gustar%C3%ADa%20agendar%20una%20llamada%20de%2010%20minutos%20para%20ver%20c%C3%B3mo%20personalizarlo%20con%20sus%20fotos%20y%20colores%3F%0A%0ASaludos%2C%0AEquipo%20Paragu-AI,""
80,"Barbería Barber Club",barberia,Puerto Iguazú,03757 46-5921,4.6,184,https://paragu-ai.com/s/es/preview-barbera-barber-club,"¡Hola! 👋\n\nSoy de Paragu-AI 💈 — ayudamos a negocios como Barbería Barber Club a tener presencia web profesional.\n\nVi que tienen muy buena presencia en Instagram pero no tienen página web. Hoy en día una barbería con buena página web destaca mucho más. (¡184 reseñas en Google!)\n\n¿Actualmente tienen página web o solo manejan redes sociales?\n\nSi les interesa, les mostramos un demo sin compromiso.\nQuedamos atentos,\nEquipo Paragu-AI","¡Hola de nuevo! 👋\n\nPreparamos algo especial para Barbería Barber Club:\n\n🌐 Barbería Barber Club — SITIO WEB DE DEMO:\nhttps://paragu-ai.com/s/es/preview-barbera-barber-club\n\nEste demo está basado en lo que vimos de su negocio. Tiene secciones de servicios, galería, equipo, contacto y más. Se ve perfecto en celulares.\n\n¿Les gustaría agendar una llamada de 10 minutos para ver cómo personalizarlo con sus fotos y colores?\n\nSaludos,\nEquipo Paragu-AI",https://wa.me/5953757465921?text=%C2%A1Hola!%20%F0%9F%91%8B%0A%0ASoy%20de%20Paragu-AI%20%F0%9F%92%88%20%E2%80%94%20ayudamos%20a%20negocios%20como%20Barber%C3%ADa%20Barber%20Club%20a%20tener%20presencia%20web%20profesional.%0A%0AVi%20que%20tienen%20muy%20buena%20presencia%20en%20Instagram%20pero%20no%20tienen%20p%C3%A1gina%20web.%20Hoy%20en%20d%C3%ADa%20una%20barber%C3%ADa%20con%20buena%20p%C3%A1gina%20web%20destaca%20mucho%20m%C3%A1s.%20(%C2%A1184%20rese%C3%B1as%20en%20Google!)%0A%0A%C2%BFActualmente%20tienen%20p%C3%A1gina%20web%20o%20solo%20manejan%20redes%20sociales%3F%0A%0ASi%20les%20interesa%2C%20les%20mostramos%20un%20demo%20sin%20compromiso.%0AQuedamos%20atentos%2C%0AEquipo%20Paragu-AI,https://wa.me/5953757465921?text=%C2%A1Hola%20de%20nuevo!%20%F0%9F%91%8B%0A%0APreparamos%20algo%20especial%20para%20Barber%C3%ADa%20Barber%20Club%3A%0A%0A%F0%9F%8C%90%20Barber%C3%ADa%20Barber%20Club%20%E2%80%94%20SITIO%20WEB%20DE%20DEMO%3A%0Ahttps%3A%2F%2Fparagu-ai.com%2Fs%2Fes%2Fpreview-barbera-barber-club%0A%0AEste%20demo%20est%C3%A1%20basado%20en%20lo%20que%20vimos%20de%20su%20negocio.%20Tiene%20secciones%20de%20servicios%2C%20galer%C3%ADa%2C%20equipo%2C%20contacto%20y%20m%C3%A1s.%20Se%20ve%20perfecto%20en%20celulares.%0A%0A%C2%BFLes%20gustar%C3%ADa%20agendar%20una%20llamada%20de%2010%20minutos%20para%20ver%20c%C3%B3mo%20personalizarlo%20con%20sus%20fotos%20y%20colores%3F%0A%0ASaludos%2C%0AEquipo%20Paragu-AI,"💈 Tendencia, alta conversión esperada"
80,"Barbería Barber Club",barberia,Puerto Iguazú,03757 46-5921,4.6,184,https://paragu-ai.com/s/es/preview-barbera-barber-club-509ea18b,"¡Hola! 👋\n\nSoy de Paragu-AI 💈 — ayudamos a negocios como Barbería Barber Club a tener presencia web profesional.\n\nVi que tienen muy buena presencia en Instagram pero no tienen página web. Hoy en día una barbería con buena página web destaca mucho más. (¡184 reseñas en Google!)\n\n¿Actualmente tienen página web o solo manejan redes sociales?\n\nSi les interesa, les mostramos un demo sin compromiso.\nQuedamos atentos,\nEquipo Paragu-AI","¡Hola de nuevo! 👋\n\nPreparamos algo especial para Barbería Barber Club:\n\n🌐 Barbería Barber Club — SITIO WEB DE DEMO:\nhttps://paragu-ai.com/s/es/preview-barbera-barber-club-509ea18b\n\nEste demo está basado en lo que vimos de su negocio. Tiene secciones de servicios, galería, equipo, contacto y más. Se ve perfecto en celulares.\n\n¿Les gustaría agendar una llamada de 10 minutos para ver cómo personalizarlo con sus fotos y colores?\n\nSaludos,\nEquipo Paragu-AI",https://wa.me/5953757465921?text=%C2%A1Hola!%20%F0%9F%91%8B%0A%0ASoy%20de%20Paragu-AI%20%F0%9F%92%88%20%E2%80%94%20ayudamos%20a%20negocios%20como%20Barber%C3%ADa%20Barber%20Club%20a%20tener%20presencia%20web%20profesional.%0A%0AVi%20que%20tienen%20muy%20buena%20presencia%20en%20Instagram%20pero%20no%20tienen%20p%C3%A1gina%20web.%20Hoy%20en%20d%C3%ADa%20una%20barber%C3%ADa%20con%20buena%20p%C3%A1gina%20web%20destaca%20mucho%20m%C3%A1s.%20(%C2%A1184%20rese%C3%B1as%20en%20Google!)%0A%0A%C2%BFActualmente%20tienen%20p%C3%A1gina%20web%20o%20solo%20manejan%20redes%20sociales%3F%0A%0ASi%20les%20interesa%2C%20les%20mostramos%20un%20demo%20sin%20compromiso.%0AQuedamos%20atentos%2C%0AEquipo%20Paragu-AI,https://wa.me/5953757465921?text=%C2%A1Hola%20de%20nuevo!%20%F0%9F%91%8B%0A%0APreparamos%20algo%20especial%20para%20Barber%C3%ADa%20Barber%20Club%3A%0A%0A%F0%9F%8C%90%20Barber%C3%ADa%20Barber%20Club%20%E2%80%94%20SITIO%20WEB%20DE%20DEMO%3A%0Ahttps%3A%2F%2Fparagu-ai.com%2Fs%2Fes%2Fpreview-barbera-barber-club-509ea18b%0A%0AEste%20demo%20est%C3%A1%20basado%20en%20lo%20que%20vimos%20de%20su%20negocio.%20Tiene%20secciones%20de%20servicios%2C%20galer%C3%ADa%2C%20equipo%2C%20contacto%20y%20m%C3%A1s.%20Se%20ve%20perfecto%20en%20celulares.%0A%0A%C2%BFLes%20gustar%C3%ADa%20agendar%20una%20llamada%20de%2010%20minutos%20para%20ver%20c%C3%B3mo%20personalizarlo%20con%20sus%20fotos%20y%20colores%3F%0A%0ASaludos%2C%0AEquipo%20Paragu-AI,"💈 Tendencia, alta conversión esperada"
80,"Renacer Spa",spa,Luque,0982 450269,4.5,163,https://paragu-ai.com/s/es/preview-renacer-spa,"¡Hola! 👋\n\nSoy de Paragu-AI 🧖 — ayudamos a negocios como Renacer Spa a tener presencia web profesional.\n\nUn spa con página web transmite mucha más confianza y profesionalismo. Vi sus reseñas excelentes y creo que una web les vendría genial. (¡163 reseñas en Google!)\n\n¿Actualmente tienen página web o solo manejan redes sociales?\n\nSi les interesa, les mostramos un demo sin compromiso.\nQuedamos atentos,\nEquipo Paragu-AI","¡Hola de nuevo! 👋\n\nPreparamos algo especial para Renacer Spa:\n\n🌐 Renacer Spa — SITIO WEB DE DEMO:\nhttps://paragu-ai.com/s/es/preview-renacer-spa\n\nEste demo está basado en lo que vimos de su negocio. Tiene secciones de servicios, galería, equipo, contacto y más. Se ve perfecto en celulares.\n\n¿Les gustaría agendar una llamada de 10 minutos para ver cómo personalizarlo con sus fotos y colores?\n\nSaludos,\nEquipo Paragu-AI",https://wa.me/595982450269?text=%C2%A1Hola!%20%F0%9F%91%8B%0A%0ASoy%20de%20Paragu-AI%20%F0%9F%A7%96%20%E2%80%94%20ayudamos%20a%20negocios%20como%20Renacer%20Spa%20a%20tener%20presencia%20web%20profesional.%0A%0AUn%20spa%20con%20p%C3%A1gina%20web%20transmite%20mucha%20m%C3%A1s%20confianza%20y%20profesionalismo.%20Vi%20sus%20rese%C3%B1as%20excelentes%20y%20creo%20que%20una%20web%20les%20vendr%C3%ADa%20genial.%20(%C2%A1163%20rese%C3%B1as%20en%20Google!)%0A%0A%C2%BFActualmente%20tienen%20p%C3%A1gina%20web%20o%20solo%20manejan%20redes%20sociales%3F%0A%0ASi%20les%20interesa%2C%20les%20mostramos%20un%20demo%20sin%20compromiso.%0AQuedamos%20atentos%2C%0AEquipo%20Paragu-AI,https://wa.me/595982450269?text=%C2%A1Hola%20de%20nuevo!%20%F0%9F%91%8B%0A%0APreparamos%20algo%20especial%20para%20Renacer%20Spa%3A%0A%0A%F0%9F%8C%90%20Renacer%20Spa%20%E2%80%94%20SITIO%20WEB%20DE%20DEMO%3A%0Ahttps%3A%2F%2Fparagu-ai.com%2Fs%2Fes%2Fpreview-renacer-spa%0A%0AEste%20demo%20est%C3%A1%20basado%20en%20lo%20que%20vimos%20de%20su%20negocio.%20Tiene%20secciones%20de%20servicios%2C%20galer%C3%ADa%2C%20equipo%2C%20contacto%20y%20m%C3%A1s.%20Se%20ve%20perfecto%20en%20celulares.%0A%0A%C2%BFLes%20gustar%C3%ADa%20agendar%20una%20llamada%20de%2010%20minutos%20para%20ver%20c%C3%B3mo%20personalizarlo%20con%20sus%20fotos%20y%20colores%3F%0A%0ASaludos%2C%0AEquipo%20Paragu-AI,""
78,"MegaSport Fitness Center",gimnasio,Villa Elisa,0981 191146,4.7,227,https://paragu-ai.com/s/es/preview-megasport-fitness-center,"¡Hola! 👋\n\nSoy de Paragu-AI 🏋️ — ayudamos a negocios como MegaSport Fitness Center a tener presencia web profesional.\n\nLos gimnasios con página web captan muchos más clientes nuevos. Pudimos ver que tienen buena reputación pero les falta presencia online. (¡227 reseñas en Google!)\n\n¿Actualmente tienen página web o solo manejan redes sociales?\n\nSi les interesa, les mostramos un demo sin compromiso.\nQuedamos atentos,\nEquipo Paragu-AI","¡Hola de nuevo! 👋\n\nPreparamos algo especial para MegaSport Fitness Center:\n\n🌐 MegaSport Fitness Center — SITIO WEB DE DEMO:\nhttps://paragu-ai.com/s/es/preview-megasport-fitness-center\n\nEste demo está basado en lo que vimos de su negocio. Tiene secciones de servicios, galería, equipo, contacto y más. Se ve perfecto en celulares.\n\n¿Les gustaría agendar una llamada de 10 minutos para ver cómo personalizarlo con sus fotos y colores?\n\nSaludos,\nEquipo Paragu-AI",https://wa.me/595981191146?text=%C2%A1Hola!%20%F0%9F%91%8B%0A%0ASoy%20de%20Paragu-AI%20%F0%9F%8F%8B%EF%B8%8F%20%E2%80%94%20ayudamos%20a%20negocios%20como%20MegaSport%20Fitness%20Center%20a%20tener%20presencia%20web%20profesional.%0A%0ALos%20gimnasios%20con%20p%C3%A1gina%20web%20captan%20muchos%20m%C3%A1s%20clientes%20nuevos.%20Pudimos%20ver%20que%20tienen%20buena%20reputaci%C3%B3n%20pero%20les%20falta%20presencia%20online.%20(%C2%A1227%20rese%C3%B1as%20en%20Google!)%0A%0A%C2%BFActualmente%20tienen%20p%C3%A1gina%20web%20o%20solo%20manejan%20redes%20sociales%3F%0A%0ASi%20les%20interesa%2C%20les%20mostramos%20un%20demo%20sin%20compromiso.%0AQuedamos%20atentos%2C%0AEquipo%20Paragu-AI,https://wa.me/595981191146?text=%C2%A1Hola%20de%20nuevo!%20%F0%9F%91%8B%0A%0APreparamos%20algo%20especial%20para%20MegaSport%20Fitness%20Center%3A%0A%0A%F0%9F%8C%90%20MegaSport%20Fitness%20Center%20%E2%80%94%20SITIO%20WEB%20DE%20DEMO%3A%0Ahttps%3A%2F%2Fparagu-ai.com%2Fs%2Fes%2Fpreview-megasport-fitness-center%0A%0AEste%20demo%20est%C3%A1%20basado%20en%20lo%20que%20vimos%20de%20su%20negocio.%20Tiene%20secciones%20de%20servicios%2C%20galer%C3%ADa%2C%20equipo%2C%20contacto%20y%20m%C3%A1s.%20Se%20ve%20perfecto%20en%20celulares.%0A%0A%C2%BFLes%20gustar%C3%ADa%20agendar%20una%20llamada%20de%2010%20minutos%20para%20ver%20c%C3%B3mo%20personalizarlo%20con%20sus%20fotos%20y%20colores%3F%0A%0ASaludos%2C%0AEquipo%20Paragu-AI,"🔥 Muy establecido"
78,"MegaSport Fitness Center",gimnasio,Villa Elisa,0981 191146,4.7,227,https://paragu-ai.com/s/es/preview-megasport-fitness-center-04c19186,"¡Hola! 👋\n\nSoy de Paragu-AI 🏋️ — ayudamos a negocios como MegaSport Fitness Center a tener presencia web profesional.\n\nLos gimnasios con página web captan muchos más clientes nuevos. Pudimos ver que tienen buena reputación pero les falta presencia online. (¡227 reseñas en Google!)\n\n¿Actualmente tienen página web o solo manejan redes sociales?\n\nSi les interesa, les mostramos un demo sin compromiso.\nQuedamos atentos,\nEquipo Paragu-AI","¡Hola de nuevo! 👋\n\nPreparamos algo especial para MegaSport Fitness Center:\n\n🌐 MegaSport Fitness Center — SITIO WEB DE DEMO:\nhttps://paragu-ai.com/s/es/preview-megasport-fitness-center-04c19186\n\nEste demo está basado en lo que vimos de su negocio. Tiene secciones de servicios, galería, equipo, contacto y más. Se ve perfecto en celulares.\n\n¿Les gustaría agendar una llamada de 10 minutos para ver cómo personalizarlo con sus fotos y colores?\n\nSaludos,\nEquipo Paragu-AI",https://wa.me/595981191146?text=%C2%A1Hola!%20%F0%9F%91%8B%0A%0ASoy%20de%20Paragu-AI%20%F0%9F%8F%8B%EF%B8%8F%20%E2%80%94%20ayudamos%20a%20negocios%20como%20MegaSport%20Fitness%20Center%20a%20tener%20presencia%20web%20profesional.%0A%0ALos%20gimnasios%20con%20p%C3%A1gina%20web%20captan%20muchos%20m%C3%A1s%20clientes%20nuevos.%20Pudimos%20ver%20que%20tienen%20buena%20reputaci%C3%B3n%20pero%20les%20falta%20presencia%20online.%20(%C2%A1227%20rese%C3%B1as%20en%20Google!)%0A%0A%C2%BFActualmente%20tienen%20p%C3%A1gina%20web%20o%20solo%20manejan%20redes%20sociales%3F%0A%0ASi%20les%20interesa%2C%20les%20mostramos%20un%20demo%20sin%20compromiso.%0AQuedamos%20atentos%2C%0AEquipo%20Paragu-AI,https://wa.me/595981191146?text=%C2%A1Hola%20de%20nuevo!%20%F0%9F%91%8B%0A%0APreparamos%20algo%20especial%20para%20MegaSport%20Fitness%20Center%3A%0A%0A%F0%9F%8C%90%20MegaSport%20Fitness%20Center%20%E2%80%94%20SITIO%20WEB%20DE%20DEMO%3A%0Ahttps%3A%2F%2Fparagu-ai.com%2Fs%2Fes%2Fpreview-megasport-fitness-center-04c19186%0A%0AEste%20demo%20est%C3%A1%20basado%20en%20lo%20que%20vimos%20de%20su%20negocio.%20Tiene%20secciones%20de%20servicios%2C%20galer%C3%ADa%2C%20equipo%2C%20contacto%20y%20m%C3%A1s.%20Se%20ve%20perfecto%20en%20celulares.%0A%0A%C2%BFLes%20gustar%C3%ADa%20agendar%20una%20llamada%20de%2010%20minutos%20para%20ver%20c%C3%B3mo%20personalizarlo%20con%20sus%20fotos%20y%20colores%3F%0A%0ASaludos%2C%0AEquipo%20Paragu-AI,"🔥 Muy establecido"
78,"Full Form Gym",gimnasio,Villa Elisa,0981 423913,4.5,148,https://paragu-ai.com/s/es/preview-full-form-gym,"¡Hola! 👋\n\nSoy de Paragu-AI 🏋️ — ayudamos a negocios como Full Form Gym a tener presencia web profesional.\n\nLos gimnasios con página web captan muchos más clientes nuevos. Pudimos ver que tienen buena reputación pero les falta presencia online. (¡148 reseñas en Google!)\n\n¿Actualmente tienen página web o solo manejan redes sociales?\n\nSi les interesa, les mostramos un demo sin compromiso.\nQuedamos atentos,\nEquipo Paragu-AI","¡Hola de nuevo! 👋\n\nPreparamos algo especial para Full Form Gym:\n\n🌐 Full Form Gym — SITIO WEB DE DEMO:\nhttps://paragu-ai.com/s/es/preview-full-form-gym\n\nEste demo está basado en lo que vimos de su negocio. Tiene secciones de servicios, galería, equipo, contacto y más. Se ve perfecto en celulares.\n\n¿Les gustaría agendar una llamada de 10 minutos para ver cómo personalizarlo con sus fotos y colores?\n\nSaludos,\nEquipo Paragu-AI",https://wa.me/595981423913?text=%C2%A1Hola!%20%F0%9F%91%8B%0A%0ASoy%20de%20Paragu-AI%20%F0%9F%8F%8B%EF%B8%8F%20%E2%80%94%20ayudamos%20a%20negocios%20como%20Full%20Form%20Gym%20a%20tener%20presencia%20web%20profesional.%0A%0ALos%20gimnasios%20con%20p%C3%A1gina%20web%20captan%20muchos%20m%C3%A1s%20clientes%20nuevos.%20Pudimos%20ver%20que%20tienen%20buena%20reputaci%C3%B3n%20pero%20les%20falta%20presencia%20online.%20(%C2%A1148%20rese%C3%B1as%20en%20Google!)%0A%0A%C2%BFActualmente%20tienen%20p%C3%A1gina%20web%20o%20solo%20manejan%20redes%20sociales%3F%0A%0ASi%20les%20interesa%2C%20les%20mostramos%20un%20demo%20sin%20compromiso.%0AQuedamos%20atentos%2C%0AEquipo%20Paragu-AI,https://wa.me/595981423913?text=%C2%A1Hola%20de%20nuevo!%20%F0%9F%91%8B%0A%0APreparamos%20algo%20especial%20para%20Full%20Form%20Gym%3A%0A%0A%F0%9F%8C%90%20Full%20Form%20Gym%20%E2%80%94%20SITIO%20WEB%20DE%20DEMO%3A%0Ahttps%3A%2F%2Fparagu-ai.com%2Fs%2Fes%2Fpreview-full-form-gym%0A%0AEste%20demo%20est%C3%A1%20basado%20en%20lo%20que%20vimos%20de%20su%20negocio.%20Tiene%20secciones%20de%20servicios%2C%20galer%C3%ADa%2C%20equipo%2C%20contacto%20y%20m%C3%A1s.%20Se%20ve%20perfecto%20en%20celulares.%0A%0A%C2%BFLes%20gustar%C3%ADa%20agendar%20una%20llamada%20de%2010%20minutos%20para%20ver%20c%C3%B3mo%20personalizarlo%20con%20sus%20fotos%20y%20colores%3F%0A%0ASaludos%2C%0AEquipo%20Paragu-AI,""
78,"Full Form Gym",gimnasio,Villa Elisa,0981 423913,4.5,148,https://paragu-ai.com/s/es/preview-full-form-gym-a030d73d,"¡Hola! 👋\n\nSoy de Paragu-AI 🏋️ — ayudamos a negocios como Full Form Gym a tener presencia web profesional.\n\nLos gimnasios con página web captan muchos más clientes nuevos. Pudimos ver que tienen buena reputación pero les falta presencia online. (¡148 reseñas en Google!)\n\n¿Actualmente tienen página web o solo manejan redes sociales?\n\nSi les interesa, les mostramos un demo sin compromiso.\nQuedamos atentos,\nEquipo Paragu-AI","¡Hola de nuevo! 👋\n\nPreparamos algo especial para Full Form Gym:\n\n🌐 Full Form Gym — SITIO WEB DE DEMO:\nhttps://paragu-ai.com/s/es/preview-full-form-gym-a030d73d\n\nEste demo está basado en lo que vimos de su negocio. Tiene secciones de servicios, galería, equipo, contacto y más. Se ve perfecto en celulares.\n\n¿Les gustaría agendar una llamada de 10 minutos para ver cómo personalizarlo con sus fotos y colores?\n\nSaludos,\nEquipo Paragu-AI",https://wa.me/595981423913?text=%C2%A1Hola!%20%F0%9F%91%8B%0A%0ASoy%20de%20Paragu-AI%20%F0%9F%8F%8B%EF%B8%8F%20%E2%80%94%20ayudamos%20a%20negocios%20como%20Full%20Form%20Gym%20a%20tener%20presencia%20web%20profesional.%0A%0ALos%20gimnasios%20con%20p%C3%A1gina%20web%20captan%20muchos%20m%C3%A1s%20clientes%20nuevos.%20Pudimos%20ver%20que%20tienen%20buena%20reputaci%C3%B3n%20pero%20les%20falta%20presencia%20online.%20(%C2%A1148%20rese%C3%B1as%20en%20Google!)%0A%0A%C2%BFActualmente%20tienen%20p%C3%A1gina%20web%20o%20solo%20manejan%20redes%20sociales%3F%0A%0ASi%20les%20interesa%2C%20les%20mostramos%20un%20demo%20sin%20compromiso.%0AQuedamos%20atentos%2C%0AEquipo%20Paragu-AI,https://wa.me/595981423913?text=%C2%A1Hola%20de%20nuevo!%20%F0%9F%91%8B%0A%0APreparamos%20algo%20especial%20para%20Full%20Form%20Gym%3A%0A%0A%F0%9F%8C%90%20Full%20Form%20Gym%20%E2%80%94%20SITIO%20WEB%20DE%20DEMO%3A%0Ahttps%3A%2F%2Fparagu-ai.com%2Fs%2Fes%2Fpreview-full-form-gym-a030d73d%0A%0AEste%20demo%20est%C3%A1%20basado%20en%20lo%20que%20vimos%20de%20su%20negocio.%20Tiene%20secciones%20de%20servicios%2C%20galer%C3%ADa%2C%20equipo%2C%20contacto%20y%20m%C3%A1s.%20Se%20ve%20perfecto%20en%20celulares.%0A%0A%C2%BFLes%20gustar%C3%ADa%20agendar%20una%20llamada%20de%2010%20minutos%20para%20ver%20c%C3%B3mo%20personalizarlo%20con%20sus%20fotos%20y%20colores%3F%0A%0ASaludos%2C%0AEquipo%20Paragu-AI,""
75,"Hipermercado Luisito - Itauguá",peluqueria,Itauguá,(021) 728 9325,4.6,1401,https://paragu-ai.com/s/es/preview-hipermercado-luisito-itaugu,"¡Hola! 👋\n\nSoy de Paragu-AI ✂️ — ayudamos a negocios como Hipermercado Luisito - Itauguá a tener presencia web profesional.\n\nMuchas peluquerías solo tienen Instagram, pero una página web les da mucha más credibilidad y atrae clientes que buscan servicios específicos. (¡1401 reseñas en Google!)\n\n¿Actualmente tienen página web o solo manejan redes sociales?\n\nSi les interesa, les mostramos un demo sin compromiso.\nQuedamos atentos,\nEquipo Paragu-AI","¡Hola de nuevo! 👋\n\nPreparamos algo especial para Hipermercado Luisito - Itauguá:\n\n🌐 Hipermercado Luisito - Itauguá — SITIO WEB DE DEMO:\nhttps://paragu-ai.com/s/es/preview-hipermercado-luisito-itaugu\n\nEste demo está basado en lo que vimos de su negocio. Tiene secciones de servicios, galería, equipo, contacto y más. Se ve perfecto en celulares.\n\n¿Les gustaría agendar una llamada de 10 minutos para ver cómo personalizarlo con sus fotos y colores?\n\nSaludos,\nEquipo Paragu-AI",https://wa.me/595217289325?text=%C2%A1Hola!%20%F0%9F%91%8B%0A%0ASoy%20de%20Paragu-AI%20%E2%9C%82%EF%B8%8F%20%E2%80%94%20ayudamos%20a%20negocios%20como%20Hipermercado%20Luisito%20-%20Itaugu%C3%A1%20a%20tener%20presencia%20web%20profesional.%0A%0AMuchas%20peluquer%C3%ADas%20solo%20tienen%20Instagram%2C%20pero%20una%20p%C3%A1gina%20web%20les%20da%20mucha%20m%C3%A1s%20credibilidad%20y%20atrae%20clientes%20que%20buscan%20servicios%20espec%C3%ADficos.%20(%C2%A11401%20rese%C3%B1as%20en%20Google!)%0A%0A%C2%BFActualmente%20tienen%20p%C3%A1gina%20web%20o%20solo%20manejan%20redes%20sociales%3F%0A%0ASi%20les%20interesa%2C%20les%20mostramos%20un%20demo%20sin%20compromiso.%0AQuedamos%20atentos%2C%0AEquipo%20Paragu-AI,https://wa.me/595217289325?text=%C2%A1Hola%20de%20nuevo!%20%F0%9F%91%8B%0A%0APreparamos%20algo%20especial%20para%20Hipermercado%20Luisito%20-%20Itaugu%C3%A1%3A%0A%0A%F0%9F%8C%90%20Hipermercado%20Luisito%20-%20Itaugu%C3%A1%20%E2%80%94%20SITIO%20WEB%20DE%20DEMO%3A%0Ahttps%3A%2F%2Fparagu-ai.com%2Fs%2Fes%2Fpreview-hipermercado-luisito-itaugu%0A%0AEste%20demo%20est%C3%A1%20basado%20en%20lo%20que%20vimos%20de%20su%20negocio.%20Tiene%20secciones%20de%20servicios%2C%20galer%C3%ADa%2C%20equipo%2C%20contacto%20y%20m%C3%A1s.%20Se%20ve%20perfecto%20en%20celulares.%0A%0A%C2%BFLes%20gustar%C3%ADa%20agendar%20una%20llamada%20de%2010%20minutos%20para%20ver%20c%C3%B3mo%20personalizarlo%20con%20sus%20fotos%20y%20colores%3F%0A%0ASaludos%2C%0AEquipo%20Paragu-AI,"🔥 Muy establecido"
75,"Complejo Barparaíso Deportivo",peluqueria,Piribebuy,0981 448335,4.5,838,https://paragu-ai.com/s/es/preview-complejo-barparaso-deportivo,"¡Hola! 👋\n\nSoy de Paragu-AI ✂️ — ayudamos a negocios como Complejo Barparaíso Deportivo a tener presencia web profesional.\n\nMuchas peluquerías solo tienen Instagram, pero una página web les da mucha más credibilidad y atrae clientes que buscan servicios específicos. (¡838 reseñas en Google!)\n\n¿Actualmente tienen página web o solo manejan redes sociales?\n\nSi les interesa, les mostramos un demo sin compromiso.\nQuedamos atentos,\nEquipo Paragu-AI","¡Hola de nuevo! 👋\n\nPreparamos algo especial para Complejo Barparaíso Deportivo:\n\n🌐 Complejo Barparaíso Deportivo — SITIO WEB DE DEMO:\nhttps://paragu-ai.com/s/es/preview-complejo-barparaso-deportivo\n\nEste demo está basado en lo que vimos de su negocio. Tiene secciones de servicios, galería, equipo, contacto y más. Se ve perfecto en celulares.\n\n¿Les gustaría agendar una llamada de 10 minutos para ver cómo personalizarlo con sus fotos y colores?\n\nSaludos,\nEquipo Paragu-AI",https://wa.me/595981448335?text=%C2%A1Hola!%20%F0%9F%91%8B%0A%0ASoy%20de%20Paragu-AI%20%E2%9C%82%EF%B8%8F%20%E2%80%94%20ayudamos%20a%20negocios%20como%20Complejo%20Barpara%C3%ADso%20Deportivo%20a%20tener%20presencia%20web%20profesional.%0A%0AMuchas%20peluquer%C3%ADas%20solo%20tienen%20Instagram%2C%20pero%20una%20p%C3%A1gina%20web%20les%20da%20mucha%20m%C3%A1s%20credibilidad%20y%20atrae%20clientes%20que%20buscan%20servicios%20espec%C3%ADficos.%20(%C2%A1838%20rese%C3%B1as%20en%20Google!)%0A%0A%C2%BFActualmente%20tienen%20p%C3%A1gina%20web%20o%20solo%20manejan%20redes%20sociales%3F%0A%0ASi%20les%20interesa%2C%20les%20mostramos%20un%20demo%20sin%20compromiso.%0AQuedamos%20atentos%2C%0AEquipo%20Paragu-AI,https://wa.me/595981448335?text=%C2%A1Hola%20de%20nuevo!%20%F0%9F%91%8B%0A%0APreparamos%20algo%20especial%20para%20Complejo%20Barpara%C3%ADso%20Deportivo%3A%0A%0A%F0%9F%8C%90%20Complejo%20Barpara%C3%ADso%20Deportivo%20%E2%80%94%20SITIO%20WEB%20DE%20DEMO%3A%0Ahttps%3A%2F%2Fparagu-ai.com%2Fs%2Fes%2Fpreview-complejo-barparaso-deportivo%0A%0AEste%20demo%20est%C3%A1%20basado%20en%20lo%20que%20vimos%20de%20su%20negocio.%20Tiene%20secciones%20de%20servicios%2C%20galer%C3%ADa%2C%20equipo%2C%20contacto%20y%20m%C3%A1s.%20Se%20ve%20perfecto%20en%20celulares.%0A%0A%C2%BFLes%20gustar%C3%ADa%20agendar%20una%20llamada%20de%2010%20minutos%20para%20ver%20c%C3%B3mo%20personalizarlo%20con%20sus%20fotos%20y%20colores%3F%0A%0ASaludos%2C%0AEquipo%20Paragu-AI,"🔥 Muy establecido"
75,"Complejo Barparaíso Deportivo",peluqueria,Piribebuy,0981 448335,4.5,838,https://paragu-ai.com/s/es/preview-complejo-barparaso-deportivo-76cc9854,"¡Hola! 👋\n\nSoy de Paragu-AI ✂️ — ayudamos a negocios como Complejo Barparaíso Deportivo a tener presencia web profesional.\n\nMuchas peluquerías solo tienen Instagram, pero una página web les da mucha más credibilidad y atrae clientes que buscan servicios específicos. (¡838 reseñas en Google!)\n\n¿Actualmente tienen página web o solo manejan redes sociales?\n\nSi les interesa, les mostramos un demo sin compromiso.\nQuedamos atentos,\nEquipo Paragu-AI","¡Hola de nuevo! 👋\n\nPreparamos algo especial para Complejo Barparaíso Deportivo:\n\n🌐 Complejo Barparaíso Deportivo — SITIO WEB DE DEMO:\nhttps://paragu-ai.com/s/es/preview-complejo-barparaso-deportivo-76cc9854\n\nEste demo está basado en lo que vimos de su negocio. Tiene secciones de servicios, galería, equipo, contacto y más. Se ve perfecto en celulares.\n\n¿Les gustaría agendar una llamada de 10 minutos para ver cómo personalizarlo con sus fotos y colores?\n\nSaludos,\nEquipo Paragu-AI",https://wa.me/595981448335?text=%C2%A1Hola!%20%F0%9F%91%8B%0A%0ASoy%20de%20Paragu-AI%20%E2%9C%82%EF%B8%8F%20%E2%80%94%20ayudamos%20a%20negocios%20como%20Complejo%20Barpara%C3%ADso%20Deportivo%20a%20tener%20presencia%20web%20profesional.%0A%0AMuchas%20peluquer%C3%ADas%20solo%20tienen%20Instagram%2C%20pero%20una%20p%C3%A1gina%20web%20les%20da%20mucha%20m%C3%A1s%20credibilidad%20y%20atrae%20clientes%20que%20buscan%20servicios%20espec%C3%ADficos.%20(%C2%A1838%20rese%C3%B1as%20en%20Google!)%0A%0A%C2%BFActualmente%20tienen%20p%C3%A1gina%20web%20o%20solo%20manejan%20redes%20sociales%3F%0A%0ASi%20les%20interesa%2C%20les%20mostramos%20un%20demo%20sin%20compromiso.%0AQuedamos%20atentos%2C%0AEquipo%20Paragu-AI,https://wa.me/595981448335?text=%C2%A1Hola%20de%20nuevo!%20%F0%9F%91%8B%0A%0APreparamos%20algo%20especial%20para%20Complejo%20Barpara%C3%ADso%20Deportivo%3A%0A%0A%F0%9F%8C%90%20Complejo%20Barpara%C3%ADso%20Deportivo%20%E2%80%94%20SITIO%20WEB%20DE%20DEMO%3A%0Ahttps%3A%2F%2Fparagu-ai.com%2Fs%2Fes%2Fpreview-complejo-barparaso-deportivo-76cc9854%0A%0AEste%20demo%20est%C3%A1%20basado%20en%20lo%20que%20vimos%20de%20su%20negocio.%20Tiene%20secciones%20de%20servicios%2C%20galer%C3%ADa%2C%20equipo%2C%20contacto%20y%20m%C3%A1s.%20Se%20ve%20perfecto%20en%20celulares.%0A%0A%C2%BFLes%20gustar%C3%ADa%20agendar%20una%20llamada%20de%2010%20minutos%20para%20ver%20c%C3%B3mo%20personalizarlo%20con%20sus%20fotos%20y%20colores%3F%0A%0ASaludos%2C%0AEquipo%20Paragu-AI,"🔥 Muy establecido"
75,"Castillo Marianela",peluqueria,Atyrá,0982 101933,4.7,602,https://paragu-ai.com/s/es/preview-castillo-marianela,"¡Hola! 👋\n\nSoy de Paragu-AI ✂️ — ayudamos a negocios como Castillo Marianela a tener presencia web profesional.\n\nMuchas peluquerías solo tienen Instagram, pero una página web les da mucha más credibilidad y atrae clientes que buscan servicios específicos. (¡602 reseñas en Google!)\n\n¿Actualmente tienen página web o solo manejan redes sociales?\n\nSi les interesa, les mostramos un demo sin compromiso.\nQuedamos atentos,\nEquipo Paragu-AI","¡Hola de nuevo! 👋\n\nPreparamos algo especial para Castillo Marianela:\n\n🌐 Castillo Marianela — SITIO WEB DE DEMO:\nhttps://paragu-ai.com/s/es/preview-castillo-marianela\n\nEste demo está basado en lo que vimos de su negocio. Tiene secciones de servicios, galería, equipo, contacto y más. Se ve perfecto en celulares.\n\n¿Les gustaría agendar una llamada de 10 minutos para ver cómo personalizarlo con sus fotos y colores?\n\nSaludos,\nEquipo Paragu-AI",https://wa.me/595982101933?text=%C2%A1Hola!%20%F0%9F%91%8B%0A%0ASoy%20de%20Paragu-AI%20%E2%9C%82%EF%B8%8F%20%E2%80%94%20ayudamos%20a%20negocios%20como%20Castillo%20Marianela%20a%20tener%20presencia%20web%20profesional.%0A%0AMuchas%20peluquer%C3%ADas%20solo%20tienen%20Instagram%2C%20pero%20una%20p%C3%A1gina%20web%20les%20da%20mucha%20m%C3%A1s%20credibilidad%20y%20atrae%20clientes%20que%20buscan%20servicios%20espec%C3%ADficos.%20(%C2%A1602%20rese%C3%B1as%20en%20Google!)%0A%0A%C2%BFActualmente%20tienen%20p%C3%A1gina%20web%20o%20solo%20manejan%20redes%20sociales%3F%0A%0ASi%20les%20interesa%2C%20les%20mostramos%20un%20demo%20sin%20compromiso.%0AQuedamos%20atentos%2C%0AEquipo%20Paragu-AI,https://wa.me/595982101933?text=%C2%A1Hola%20de%20nuevo!%20%F0%9F%91%8B%0A%0APreparamos%20algo%20especial%20para%20Castillo%20Marianela%3A%0A%0A%F0%9F%8C%90%20Castillo%20Marianela%20%E2%80%94%20SITIO%20WEB%20DE%20DEMO%3A%0Ahttps%3A%2F%2Fparagu-ai.com%2Fs%2Fes%2Fpreview-castillo-marianela%0A%0AEste%20demo%20est%C3%A1%20basado%20en%20lo%20que%20vimos%20de%20su%20negocio.%20Tiene%20secciones%20de%20servicios%2C%20galer%C3%ADa%2C%20equipo%2C%20contacto%20y%20m%C3%A1s.%20Se%20ve%20perfecto%20en%20celulares.%0A%0A%C2%BFLes%20gustar%C3%ADa%20agendar%20una%20llamada%20de%2010%20minutos%20para%20ver%20c%C3%B3mo%20personalizarlo%20con%20sus%20fotos%20y%20colores%3F%0A%0ASaludos%2C%0AEquipo%20Paragu-AI,"🔥 Muy establecido"
75,"Piribebuy Country Club",peluqueria,Piribebuy,0972 651474,4.6,458,https://paragu-ai.com/s/es/preview-piribebuy-country-club-783823f6,"¡Hola! 👋\n\nSoy de Paragu-AI ✂️ — ayudamos a negocios como Piribebuy Country Club a tener presencia web profesional.\n\nMuchas peluquerías solo tienen Instagram, pero una página web les da mucha más credibilidad y atrae clientes que buscan servicios específicos. (¡458 reseñas en Google!)\n\n¿Actualmente tienen página web o solo manejan redes sociales?\n\nSi les interesa, les mostramos un demo sin compromiso.\nQuedamos atentos,\nEquipo Paragu-AI","¡Hola de nuevo! 👋\n\nPreparamos algo especial para Piribebuy Country Club:\n\n🌐 Piribebuy Country Club — SITIO WEB DE DEMO:\nhttps://paragu-ai.com/s/es/preview-piribebuy-country-club-783823f6\n\nEste demo está basado en lo que vimos de su negocio. Tiene secciones de servicios, galería, equipo, contacto y más. Se ve perfecto en celulares.\n\n¿Les gustaría agendar una llamada de 10 minutos para ver cómo personalizarlo con sus fotos y colores?\n\nSaludos,\nEquipo Paragu-AI",https://wa.me/595972651474?text=%C2%A1Hola!%20%F0%9F%91%8B%0A%0ASoy%20de%20Paragu-AI%20%E2%9C%82%EF%B8%8F%20%E2%80%94%20ayudamos%20a%20negocios%20como%20Piribebuy%20Country%20Club%20a%20tener%20presencia%20web%20profesional.%0A%0AMuchas%20peluquer%C3%ADas%20solo%20tienen%20Instagram%2C%20pero%20una%20p%C3%A1gina%20web%20les%20da%20mucha%20m%C3%A1s%20credibilidad%20y%20atrae%20clientes%20que%20buscan%20servicios%20espec%C3%ADficos.%20(%C2%A1458%20rese%C3%B1as%20en%20Google!)%0A%0A%C2%BFActualmente%20tienen%20p%C3%A1gina%20web%20o%20solo%20manejan%20redes%20sociales%3F%0A%0ASi%20les%20interesa%2C%20les%20mostramos%20un%20demo%20sin%20compromiso.%0AQuedamos%20atentos%2C%0AEquipo%20Paragu-AI,https://wa.me/595972651474?text=%C2%A1Hola%20de%20nuevo!%20%F0%9F%91%8B%0A%0APreparamos%20algo%20especial%20para%20Piribebuy%20Country%20Club%3A%0A%0A%F0%9F%8C%90%20Piribebuy%20Country%20Club%20%E2%80%94%20SITIO%20WEB%20DE%20DEMO%3A%0Ahttps%3A%2F%2Fparagu-ai.com%2Fs%2Fes%2Fpreview-piribebuy-country-club-783823f6%0A%0AEste%20demo%20est%C3%A1%20basado%20en%20lo%20que%20vimos%20de%20su%20negocio.%20Tiene%20secciones%20de%20servicios%2C%20galer%C3%ADa%2C%20equipo%2C%20contacto%20y%20m%C3%A1s.%20Se%20ve%20perfecto%20en%20celulares.%0A%0A%C2%BFLes%20gustar%C3%ADa%20agendar%20una%20llamada%20de%2010%20minutos%20para%20ver%20c%C3%B3mo%20personalizarlo%20con%20sus%20fotos%20y%20colores%3F%0A%0ASaludos%2C%0AEquipo%20Paragu-AI,"🔥 Muy establecido"
75,"Piribebuy Country Club",peluqueria,Piribebuy,0972 651474,4.6,458,https://paragu-ai.com/s/es/preview-piribebuy-country-club,"¡Hola! 👋\n\nSoy de Paragu-AI ✂️ — ayudamos a negocios como Piribebuy Country Club a tener presencia web profesional.\n\nMuchas peluquerías solo tienen Instagram, pero una página web les da mucha más credibilidad y atrae clientes que buscan servicios específicos. (¡458 reseñas en Google!)\n\n¿Actualmente tienen página web o solo manejan redes sociales?\n\nSi les interesa, les mostramos un demo sin compromiso.\nQuedamos atentos,\nEquipo Paragu-AI","¡Hola de nuevo! 👋\n\nPreparamos algo especial para Piribebuy Country Club:\n\n🌐 Piribebuy Country Club — SITIO WEB DE DEMO:\nhttps://paragu-ai.com/s/es/preview-piribebuy-country-club\n\nEste demo está basado en lo que vimos de su negocio. Tiene secciones de servicios, galería, equipo, contacto y más. Se ve perfecto en celulares.\n\n¿Les gustaría agendar una llamada de 10 minutos para ver cómo personalizarlo con sus fotos y colores?\n\nSaludos,\nEquipo Paragu-AI",https://wa.me/595972651474?text=%C2%A1Hola!%20%F0%9F%91%8B%0A%0ASoy%20de%20Paragu-AI%20%E2%9C%82%EF%B8%8F%20%E2%80%94%20ayudamos%20a%20negocios%20como%20Piribebuy%20Country%20Club%20a%20tener%20presencia%20web%20profesional.%0A%0AMuchas%20peluquer%C3%ADas%20solo%20tienen%20Instagram%2C%20pero%20una%20p%C3%A1gina%20web%20les%20da%20mucha%20m%C3%A1s%20credibilidad%20y%20atrae%20clientes%20que%20buscan%20servicios%20espec%C3%ADficos.%20(%C2%A1458%20rese%C3%B1as%20en%20Google!)%0A%0A%C2%BFActualmente%20tienen%20p%C3%A1gina%20web%20o%20solo%20manejan%20redes%20sociales%3F%0A%0ASi%20les%20interesa%2C%20les%20mostramos%20un%20demo%20sin%20compromiso.%0AQuedamos%20atentos%2C%0AEquipo%20Paragu-AI,https://wa.me/595972651474?text=%C2%A1Hola%20de%20nuevo!%20%F0%9F%91%8B%0A%0APreparamos%20algo%20especial%20para%20Piribebuy%20Country%20Club%3A%0A%0A%F0%9F%8C%90%20Piribebuy%20Country%20Club%20%E2%80%94%20SITIO%20WEB%20DE%20DEMO%3A%0Ahttps%3A%2F%2Fparagu-ai.com%2Fs%2Fes%2Fpreview-piribebuy-country-club%0A%0AEste%20demo%20est%C3%A1%20basado%20en%20lo%20que%20vimos%20de%20su%20negocio.%20Tiene%20secciones%20de%20servicios%2C%20galer%C3%ADa%2C%20equipo%2C%20contacto%20y%20m%C3%A1s.%20Se%20ve%20perfecto%20en%20celulares.%0A%0A%C2%BFLes%20gustar%C3%ADa%20agendar%20una%20llamada%20de%2010%20minutos%20para%20ver%20c%C3%B3mo%20personalizarlo%20con%20sus%20fotos%20y%20colores%3F%0A%0ASaludos%2C%0AEquipo%20Paragu-AI,"🔥 Muy establecido"
75,"Centro Artesanal (CAPICI), Itá",peluqueria,Itá,0986 691115,4.6,385,https://paragu-ai.com/s/es/preview-centro-artesanal-capici-it,"¡Hola! 👋\n\nSoy de Paragu-AI ✂️ — ayudamos a negocios como Centro Artesanal (CAPICI), Itá a tener presencia web profesional.\n\nMuchas peluquerías solo tienen Instagram, pero una página web les da mucha más credibilidad y atrae clientes que buscan servicios específicos. (¡385 reseñas en Google!)\n\n¿Actualmente tienen página web o solo manejan redes sociales?\n\nSi les interesa, les mostramos un demo sin compromiso.\nQuedamos atentos,\nEquipo Paragu-AI","¡Hola de nuevo! 👋\n\nPreparamos algo especial para Centro Artesanal (CAPICI), Itá:\n\n🌐 Centro Artesanal (CAPICI), Itá — SITIO WEB DE DEMO:\nhttps://paragu-ai.com/s/es/preview-centro-artesanal-capici-it\n\nEste demo está basado en lo que vimos de su negocio. Tiene secciones de servicios, galería, equipo, contacto y más. Se ve perfecto en celulares.\n\n¿Les gustaría agendar una llamada de 10 minutos para ver cómo personalizarlo con sus fotos y colores?\n\nSaludos,\nEquipo Paragu-AI",https://wa.me/595986691115?text=%C2%A1Hola!%20%F0%9F%91%8B%0A%0ASoy%20de%20Paragu-AI%20%E2%9C%82%EF%B8%8F%20%E2%80%94%20ayudamos%20a%20negocios%20como%20Centro%20Artesanal%20(CAPICI)%2C%20It%C3%A1%20a%20tener%20presencia%20web%20profesional.%0A%0AMuchas%20peluquer%C3%ADas%20solo%20tienen%20Instagram%2C%20pero%20una%20p%C3%A1gina%20web%20les%20da%20mucha%20m%C3%A1s%20credibilidad%20y%20atrae%20clientes%20que%20buscan%20servicios%20espec%C3%ADficos.%20(%C2%A1385%20rese%C3%B1as%20en%20Google!)%0A%0A%C2%BFActualmente%20tienen%20p%C3%A1gina%20web%20o%20solo%20manejan%20redes%20sociales%3F%0A%0ASi%20les%20interesa%2C%20les%20mostramos%20un%20demo%20sin%20compromiso.%0AQuedamos%20atentos%2C%0AEquipo%20Paragu-AI,https://wa.me/595986691115?text=%C2%A1Hola%20de%20nuevo!%20%F0%9F%91%8B%0A%0APreparamos%20algo%20especial%20para%20Centro%20Artesanal%20(CAPICI)%2C%20It%C3%A1%3A%0A%0A%F0%9F%8C%90%20Centro%20Artesanal%20(CAPICI)%2C%20It%C3%A1%20%E2%80%94%20SITIO%20WEB%20DE%20DEMO%3A%0Ahttps%3A%2F%2Fparagu-ai.com%2Fs%2Fes%2Fpreview-centro-artesanal-capici-it%0A%0AEste%20demo%20est%C3%A1%20basado%20en%20lo%20que%20vimos%20de%20su%20negocio.%20Tiene%20secciones%20de%20servicios%2C%20galer%C3%ADa%2C%20equipo%2C%20contacto%20y%20m%C3%A1s.%20Se%20ve%20perfecto%20en%20celulares.%0A%0A%C2%BFLes%20gustar%C3%ADa%20agendar%20una%20llamada%20de%2010%20minutos%20para%20ver%20c%C3%B3mo%20personalizarlo%20con%20sus%20fotos%20y%20colores%3F%0A%0ASaludos%2C%0AEquipo%20Paragu-AI,"🔥 Muy establecido"
75,"Centro Artesanal (CAPICI), Itá",peluqueria,Itá,0986 691115,4.6,385,https://paragu-ai.com/s/es/preview-centro-artesanal-capici-it-0d681bfa,"¡Hola! 👋\n\nSoy de Paragu-AI ✂️ — ayudamos a negocios como Centro Artesanal (CAPICI), Itá a tener presencia web profesional.\n\nMuchas peluquerías solo tienen Instagram, pero una página web les da mucha más credibilidad y atrae clientes que buscan servicios específicos. (¡385 reseñas en Google!)\n\n¿Actualmente tienen página web o solo manejan redes sociales?\n\nSi les interesa, les mostramos un demo sin compromiso.\nQuedamos atentos,\nEquipo Paragu-AI","¡Hola de nuevo! 👋\n\nPreparamos algo especial para Centro Artesanal (CAPICI), Itá:\n\n🌐 Centro Artesanal (CAPICI), Itá — SITIO WEB DE DEMO:\nhttps://paragu-ai.com/s/es/preview-centro-artesanal-capici-it-0d681bfa\n\nEste demo está basado en lo que vimos de su negocio. Tiene secciones de servicios, galería, equipo, contacto y más. Se ve perfecto en celulares.\n\n¿Les gustaría agendar una llamada de 10 minutos para ver cómo personalizarlo con sus fotos y colores?\n\nSaludos,\nEquipo Paragu-AI",https://wa.me/595986691115?text=%C2%A1Hola!%20%F0%9F%91%8B%0A%0ASoy%20de%20Paragu-AI%20%E2%9C%82%EF%B8%8F%20%E2%80%94%20ayudamos%20a%20negocios%20como%20Centro%20Artesanal%20(CAPICI)%2C%20It%C3%A1%20a%20tener%20presencia%20web%20profesional.%0A%0AMuchas%20peluquer%C3%ADas%20solo%20tienen%20Instagram%2C%20pero%20una%20p%C3%A1gina%20web%20les%20da%20mucha%20m%C3%A1s%20credibilidad%20y%20atrae%20clientes%20que%20buscan%20servicios%20espec%C3%ADficos.%20(%C2%A1385%20rese%C3%B1as%20en%20Google!)%0A%0A%C2%BFActualmente%20tienen%20p%C3%A1gina%20web%20o%20solo%20manejan%20redes%20sociales%3F%0A%0ASi%20les%20interesa%2C%20les%20mostramos%20un%20demo%20sin%20compromiso.%0AQuedamos%20atentos%2C%0AEquipo%20Paragu-AI,https://wa.me/595986691115?text=%C2%A1Hola%20de%20nuevo!%20%F0%9F%91%8B%0A%0APreparamos%20algo%20especial%20para%20Centro%20Artesanal%20(CAPICI)%2C%20It%C3%A1%3A%0A%0A%F0%9F%8C%90%20Centro%20Artesanal%20(CAPICI)%2C%20It%C3%A1%20%E2%80%94%20SITIO%20WEB%20DE%20DEMO%3A%0Ahttps%3A%2F%2Fparagu-ai.com%2Fs%2Fes%2Fpreview-centro-artesanal-capici-it-0d681bfa%0A%0AEste%20demo%20est%C3%A1%20basado%20en%20lo%20que%20vimos%20de%20su%20negocio.%20Tiene%20secciones%20de%20servicios%2C%20galer%C3%ADa%2C%20equipo%2C%20contacto%20y%20m%C3%A1s.%20Se%20ve%20perfecto%20en%20celulares.%0A%0A%C2%BFLes%20gustar%C3%ADa%20agendar%20una%20llamada%20de%2010%20minutos%20para%20ver%20c%C3%B3mo%20personalizarlo%20con%20sus%20fotos%20y%20colores%3F%0A%0ASaludos%2C%0AEquipo%20Paragu-AI,"🔥 Muy establecido"
75,"Hotel Hohenau",peluqueria,Colonia Hohenau Itapúa Paraguay,0994 862766,4.6,377,https://paragu-ai.com/s/es/preview-hotel-hohenau,"¡Hola! 👋\n\nSoy de Paragu-AI ✂️ — ayudamos a negocios como Hotel Hohenau a tener presencia web profesional.\n\nMuchas peluquerías solo tienen Instagram, pero una página web les da mucha más credibilidad y atrae clientes que buscan servicios específicos. (¡377 reseñas en Google!)\n\n¿Actualmente tienen página web o solo manejan redes sociales?\n\nSi les interesa, les mostramos un demo sin compromiso.\nQuedamos atentos,\nEquipo Paragu-AI","¡Hola de nuevo! 👋\n\nPreparamos algo especial para Hotel Hohenau:\n\n🌐 Hotel Hohenau — SITIO WEB DE DEMO:\nhttps://paragu-ai.com/s/es/preview-hotel-hohenau\n\nEste demo está basado en lo que vimos de su negocio. Tiene secciones de servicios, galería, equipo, contacto y más. Se ve perfecto en celulares.\n\n¿Les gustaría agendar una llamada de 10 minutos para ver cómo personalizarlo con sus fotos y colores?\n\nSaludos,\nEquipo Paragu-AI",https://wa.me/595994862766?text=%C2%A1Hola!%20%F0%9F%91%8B%0A%0ASoy%20de%20Paragu-AI%20%E2%9C%82%EF%B8%8F%20%E2%80%94%20ayudamos%20a%20negocios%20como%20Hotel%20Hohenau%20a%20tener%20presencia%20web%20profesional.%0A%0AMuchas%20peluquer%C3%ADas%20solo%20tienen%20Instagram%2C%20pero%20una%20p%C3%A1gina%20web%20les%20da%20mucha%20m%C3%A1s%20credibilidad%20y%20atrae%20clientes%20que%20buscan%20servicios%20espec%C3%ADficos.%20(%C2%A1377%20rese%C3%B1as%20en%20Google!)%0A%0A%C2%BFActualmente%20tienen%20p%C3%A1gina%20web%20o%20solo%20manejan%20redes%20sociales%3F%0A%0ASi%20les%20interesa%2C%20les%20mostramos%20un%20demo%20sin%20compromiso.%0AQuedamos%20atentos%2C%0AEquipo%20Paragu-AI,https://wa.me/595994862766?text=%C2%A1Hola%20de%20nuevo!%20%F0%9F%91%8B%0A%0APreparamos%20algo%20especial%20para%20Hotel%20Hohenau%3A%0A%0A%F0%9F%8C%90%20Hotel%20Hohenau%20%E2%80%94%20SITIO%20WEB%20DE%20DEMO%3A%0Ahttps%3A%2F%2Fparagu-ai.com%2Fs%2Fes%2Fpreview-hotel-hohenau%0A%0AEste%20demo%20est%C3%A1%20basado%20en%20lo%20que%20vimos%20de%20su%20negocio.%20Tiene%20secciones%20de%20servicios%2C%20galer%C3%ADa%2C%20equipo%2C%20contacto%20y%20m%C3%A1s.%20Se%20ve%20perfecto%20en%20celulares.%0A%0A%C2%BFLes%20gustar%C3%ADa%20agendar%20una%20llamada%20de%2010%20minutos%20para%20ver%20c%C3%B3mo%20personalizarlo%20con%20sus%20fotos%20y%20colores%3F%0A%0ASaludos%2C%0AEquipo%20Paragu-AI,"🔥 Muy establecido"
75,"Cheers",peluqueria,Hohenau,0982 112221,4.5,298,https://paragu-ai.com/s/es/preview-cheers,"¡Hola! 👋\n\nSoy de Paragu-AI ✂️ — ayudamos a negocios como Cheers a tener presencia web profesional.\n\nMuchas peluquerías solo tienen Instagram, pero una página web les da mucha más credibilidad y atrae clientes que buscan servicios específicos. (¡298 reseñas en Google!)\n\n¿Actualmente tienen página web o solo manejan redes sociales?\n\nSi les interesa, les mostramos un demo sin compromiso.\nQuedamos atentos,\nEquipo Paragu-AI","¡Hola de nuevo! 👋\n\nPreparamos algo especial para Cheers:\n\n🌐 Cheers — SITIO WEB DE DEMO:\nhttps://paragu-ai.com/s/es/preview-cheers\n\nEste demo está basado en lo que vimos de su negocio. Tiene secciones de servicios, galería, equipo, contacto y más. Se ve perfecto en celulares.\n\n¿Les gustaría agendar una llamada de 10 minutos para ver cómo personalizarlo con sus fotos y colores?\n\nSaludos,\nEquipo Paragu-AI",https://wa.me/595982112221?text=%C2%A1Hola!%20%F0%9F%91%8B%0A%0ASoy%20de%20Paragu-AI%20%E2%9C%82%EF%B8%8F%20%E2%80%94%20ayudamos%20a%20negocios%20como%20Cheers%20a%20tener%20presencia%20web%20profesional.%0A%0AMuchas%20peluquer%C3%ADas%20solo%20tienen%20Instagram%2C%20pero%20una%20p%C3%A1gina%20web%20les%20da%20mucha%20m%C3%A1s%20credibilidad%20y%20atrae%20clientes%20que%20buscan%20servicios%20espec%C3%ADficos.%20(%C2%A1298%20rese%C3%B1as%20en%20Google!)%0A%0A%C2%BFActualmente%20tienen%20p%C3%A1gina%20web%20o%20solo%20manejan%20redes%20sociales%3F%0A%0ASi%20les%20interesa%2C%20les%20mostramos%20un%20demo%20sin%20compromiso.%0AQuedamos%20atentos%2C%0AEquipo%20Paragu-AI,https://wa.me/595982112221?text=%C2%A1Hola%20de%20nuevo!%20%F0%9F%91%8B%0A%0APreparamos%20algo%20especial%20para%20Cheers%3A%0A%0A%F0%9F%8C%90%20Cheers%20%E2%80%94%20SITIO%20WEB%20DE%20DEMO%3A%0Ahttps%3A%2F%2Fparagu-ai.com%2Fs%2Fes%2Fpreview-cheers%0A%0AEste%20demo%20est%C3%A1%20basado%20en%20lo%20que%20vimos%20de%20su%20negocio.%20Tiene%20secciones%20de%20servicios%2C%20galer%C3%ADa%2C%20equipo%2C%20contacto%20y%20m%C3%A1s.%20Se%20ve%20perfecto%20en%20celulares.%0A%0A%C2%BFLes%20gustar%C3%ADa%20agendar%20una%20llamada%20de%2010%20minutos%20para%20ver%20c%C3%B3mo%20personalizarlo%20con%20sus%20fotos%20y%20colores%3F%0A%0ASaludos%2C%0AEquipo%20Paragu-AI,"🔥 Muy establecido"
75,"Rommy Salon Femenino & Masculino",peluqueria,Ciudad del Este,(061) 509 986,4.6,281,https://paragu-ai.com/s/es/preview-rommy-salon-femenino-masculino,"¡Hola! 👋\n\nSoy de Paragu-AI ✂️ — ayudamos a negocios como Rommy Salon Femenino & Masculino a tener presencia web profesional.\n\nMuchas peluquerías solo tienen Instagram, pero una página web les da mucha más credibilidad y atrae clientes que buscan servicios específicos. (¡281 reseñas en Google!)\n\n¿Actualmente tienen página web o solo manejan redes sociales?\n\nSi les interesa, les mostramos un demo sin compromiso.\nQuedamos atentos,\nEquipo Paragu-AI","¡Hola de nuevo! 👋\n\nPreparamos algo especial para Rommy Salon Femenino & Masculino:\n\n🌐 Rommy Salon Femenino & Masculino — SITIO WEB DE DEMO:\nhttps://paragu-ai.com/s/es/preview-rommy-salon-femenino-masculino\n\nEste demo está basado en lo que vimos de su negocio. Tiene secciones de servicios, galería, equipo, contacto y más. Se ve perfecto en celulares.\n\n¿Les gustaría agendar una llamada de 10 minutos para ver cómo personalizarlo con sus fotos y colores?\n\nSaludos,\nEquipo Paragu-AI",https://wa.me/59561509986?text=%C2%A1Hola!%20%F0%9F%91%8B%0A%0ASoy%20de%20Paragu-AI%20%E2%9C%82%EF%B8%8F%20%E2%80%94%20ayudamos%20a%20negocios%20como%20Rommy%20Salon%20Femenino%20%26%20Masculino%20a%20tener%20presencia%20web%20profesional.%0A%0AMuchas%20peluquer%C3%ADas%20solo%20tienen%20Instagram%2C%20pero%20una%20p%C3%A1gina%20web%20les%20da%20mucha%20m%C3%A1s%20credibilidad%20y%20atrae%20clientes%20que%20buscan%20servicios%20espec%C3%ADficos.%20(%C2%A1281%20rese%C3%B1as%20en%20Google!)%0A%0A%C2%BFActualmente%20tienen%20p%C3%A1gina%20web%20o%20solo%20manejan%20redes%20sociales%3F%0A%0ASi%20les%20interesa%2C%20les%20mostramos%20un%20demo%20sin%20compromiso.%0AQuedamos%20atentos%2C%0AEquipo%20Paragu-AI,https://wa.me/59561509986?text=%C2%A1Hola%20de%20nuevo!%20%F0%9F%91%8B%0A%0APreparamos%20algo%20especial%20para%20Rommy%20Salon%20Femenino%20%26%20Masculino%3A%0A%0A%F0%9F%8C%90%20Rommy%20Salon%20Femenino%20%26%20Masculino%20%E2%80%94%20SITIO%20WEB%20DE%20DEMO%3A%0Ahttps%3A%2F%2Fparagu-ai.com%2Fs%2Fes%2Fpreview-rommy-salon-femenino-masculino%0A%0AEste%20demo%20est%C3%A1%20basado%20en%20lo%20que%20vimos%20de%20su%20negocio.%20Tiene%20secciones%20de%20servicios%2C%20galer%C3%ADa%2C%20equipo%2C%20contacto%20y%20m%C3%A1s.%20Se%20ve%20perfecto%20en%20celulares.%0A%0A%C2%BFLes%20gustar%C3%ADa%20agendar%20una%20llamada%20de%2010%20minutos%20para%20ver%20c%C3%B3mo%20personalizarlo%20con%20sus%20fotos%20y%20colores%3F%0A%0ASaludos%2C%0AEquipo%20Paragu-AI,"🔥 Muy establecido"
75,"Rommy Salon Femenino & Masculino",peluqueria,Ciudad del Este,(061) 509 986,4.6,281,https://paragu-ai.com/s/es/preview-rommy-salon-femenino-masculino-aa10fd45,"¡Hola! 👋\n\nSoy de Paragu-AI ✂️ — ayudamos a negocios como Rommy Salon Femenino & Masculino a tener presencia web profesional.\n\nMuchas peluquerías solo tienen Instagram, pero una página web les da mucha más credibilidad y atrae clientes que buscan servicios específicos. (¡281 reseñas en Google!)\n\n¿Actualmente tienen página web o solo manejan redes sociales?\n\nSi les interesa, les mostramos un demo sin compromiso.\nQuedamos atentos,\nEquipo Paragu-AI","¡Hola de nuevo! 👋\n\nPreparamos algo especial para Rommy Salon Femenino & Masculino:\n\n🌐 Rommy Salon Femenino & Masculino — SITIO WEB DE DEMO:\nhttps://paragu-ai.com/s/es/preview-rommy-salon-femenino-masculino-aa10fd45\n\nEste demo está basado en lo que vimos de su negocio. Tiene secciones de servicios, galería, equipo, contacto y más. Se ve perfecto en celulares.\n\n¿Les gustaría agendar una llamada de 10 minutos para ver cómo personalizarlo con sus fotos y colores?\n\nSaludos,\nEquipo Paragu-AI",https://wa.me/59561509986?text=%C2%A1Hola!%20%F0%9F%91%8B%0A%0ASoy%20de%20Paragu-AI%20%E2%9C%82%EF%B8%8F%20%E2%80%94%20ayudamos%20a%20negocios%20como%20Rommy%20Salon%20Femenino%20%26%20Masculino%20a%20tener%20presencia%20web%20profesional.%0A%0AMuchas%20peluquer%C3%ADas%20solo%20tienen%20Instagram%2C%20pero%20una%20p%C3%A1gina%20web%20les%20da%20mucha%20m%C3%A1s%20credibilidad%20y%20atrae%20clientes%20que%20buscan%20servicios%20espec%C3%ADficos.%20(%C2%A1281%20rese%C3%B1as%20en%20Google!)%0A%0A%C2%BFActualmente%20tienen%20p%C3%A1gina%20web%20o%20solo%20manejan%20redes%20sociales%3F%0A%0ASi%20les%20interesa%2C%20les%20mostramos%20un%20demo%20sin%20compromiso.%0AQuedamos%20atentos%2C%0AEquipo%20Paragu-AI,https://wa.me/59561509986?text=%C2%A1Hola%20de%20nuevo!%20%F0%9F%91%8B%0A%0APreparamos%20algo%20especial%20para%20Rommy%20Salon%20Femenino%20%26%20Masculino%3A%0A%0A%F0%9F%8C%90%20Rommy%20Salon%20Femenino%20%26%20Masculino%20%E2%80%94%20SITIO%20WEB%20DE%20DEMO%3A%0Ahttps%3A%2F%2Fparagu-ai.com%2Fs%2Fes%2Fpreview-rommy-salon-femenino-masculino-aa10fd45%0A%0AEste%20demo%20est%C3%A1%20basado%20en%20lo%20que%20vimos%20de%20su%20negocio.%20Tiene%20secciones%20de%20servicios%2C%20galer%C3%ADa%2C%20equipo%2C%20contacto%20y%20m%C3%A1s.%20Se%20ve%20perfecto%20en%20celulares.%0A%0A%C2%BFLes%20gustar%C3%ADa%20agendar%20una%20llamada%20de%2010%20minutos%20para%20ver%20c%C3%B3mo%20personalizarlo%20con%20sus%20fotos%20y%20colores%3F%0A%0ASaludos%2C%0AEquipo%20Paragu-AI,"🔥 Muy establecido"
75,"Guaraní Mall (Paseo Guaraní)",peluqueria,Itauguá,0974 363674,4.7,269,https://paragu-ai.com/s/es/preview-guaran-mall-paseo-guaran,"¡Hola! 👋\n\nSoy de Paragu-AI ✂️ — ayudamos a negocios como Guaraní Mall (Paseo Guaraní) a tener presencia web profesional.\n\nMuchas peluquerías solo tienen Instagram, pero una página web les da mucha más credibilidad y atrae clientes que buscan servicios específicos. (¡269 reseñas en Google!)\n\n¿Actualmente tienen página web o solo manejan redes sociales?\n\nSi les interesa, les mostramos un demo sin compromiso.\nQuedamos atentos,\nEquipo Paragu-AI","¡Hola de nuevo! 👋\n\nPreparamos algo especial para Guaraní Mall (Paseo Guaraní):\n\n🌐 Guaraní Mall (Paseo Guaraní) — SITIO WEB DE DEMO:\nhttps://paragu-ai.com/s/es/preview-guaran-mall-paseo-guaran\n\nEste demo está basado en lo que vimos de su negocio. Tiene secciones de servicios, galería, equipo, contacto y más. Se ve perfecto en celulares.\n\n¿Les gustaría agendar una llamada de 10 minutos para ver cómo personalizarlo con sus fotos y colores?\n\nSaludos,\nEquipo Paragu-AI",https://wa.me/595974363674?text=%C2%A1Hola!%20%F0%9F%91%8B%0A%0ASoy%20de%20Paragu-AI%20%E2%9C%82%EF%B8%8F%20%E2%80%94%20ayudamos%20a%20negocios%20como%20Guaran%C3%AD%20Mall%20(Paseo%20Guaran%C3%AD)%20a%20tener%20presencia%20web%20profesional.%0A%0AMuchas%20peluquer%C3%ADas%20solo%20tienen%20Instagram%2C%20pero%20una%20p%C3%A1gina%20web%20les%20da%20mucha%20m%C3%A1s%20credibilidad%20y%20atrae%20clientes%20que%20buscan%20servicios%20espec%C3%ADficos.%20(%C2%A1269%20rese%C3%B1as%20en%20Google!)%0A%0A%C2%BFActualmente%20tienen%20p%C3%A1gina%20web%20o%20solo%20manejan%20redes%20sociales%3F%0A%0ASi%20les%20interesa%2C%20les%20mostramos%20un%20demo%20sin%20compromiso.%0AQuedamos%20atentos%2C%0AEquipo%20Paragu-AI,https://wa.me/595974363674?text=%C2%A1Hola%20de%20nuevo!%20%F0%9F%91%8B%0A%0APreparamos%20algo%20especial%20para%20Guaran%C3%AD%20Mall%20(Paseo%20Guaran%C3%AD)%3A%0A%0A%F0%9F%8C%90%20Guaran%C3%AD%20Mall%20(Paseo%20Guaran%C3%AD)%20%E2%80%94%20SITIO%20WEB%20DE%20DEMO%3A%0Ahttps%3A%2F%2Fparagu-ai.com%2Fs%2Fes%2Fpreview-guaran-mall-paseo-guaran%0A%0AEste%20demo%20est%C3%A1%20basado%20en%20lo%20que%20vimos%20de%20su%20negocio.%20Tiene%20secciones%20de%20servicios%2C%20galer%C3%ADa%2C%20equipo%2C%20contacto%20y%20m%C3%A1s.%20Se%20ve%20perfecto%20en%20celulares.%0A%0A%C2%BFLes%20gustar%C3%ADa%20agendar%20una%20llamada%20de%2010%20minutos%20para%20ver%20c%C3%B3mo%20personalizarlo%20con%20sus%20fotos%20y%20colores%3F%0A%0ASaludos%2C%0AEquipo%20Paragu-AI,"🔥 Muy establecido"
75,"Carol Peluquería",peluqueria,Encarnación,0985 105541,4.7,248,https://paragu-ai.com/s/es/preview-carol-peluquera,"¡Hola! 👋\n\nSoy de Paragu-AI ✂️ — ayudamos a negocios como Carol Peluquería a tener presencia web profesional.\n\nMuchas peluquerías solo tienen Instagram, pero una página web les da mucha más credibilidad y atrae clientes que buscan servicios específicos. (¡248 reseñas en Google!)\n\n¿Actualmente tienen página web o solo manejan redes sociales?\n\nSi les interesa, les mostramos un demo sin compromiso.\nQuedamos atentos,\nEquipo Paragu-AI","¡Hola de nuevo! 👋\n\nPreparamos algo especial para Carol Peluquería:\n\n🌐 Carol Peluquería — SITIO WEB DE DEMO:\nhttps://paragu-ai.com/s/es/preview-carol-peluquera\n\nEste demo está basado en lo que vimos de su negocio. Tiene secciones de servicios, galería, equipo, contacto y más. Se ve perfecto en celulares.\n\n¿Les gustaría agendar una llamada de 10 minutos para ver cómo personalizarlo con sus fotos y colores?\n\nSaludos,\nEquipo Paragu-AI",https://wa.me/595985105541?text=%C2%A1Hola!%20%F0%9F%91%8B%0A%0ASoy%20de%20Paragu-AI%20%E2%9C%82%EF%B8%8F%20%E2%80%94%20ayudamos%20a%20negocios%20como%20Carol%20Peluquer%C3%ADa%20a%20tener%20presencia%20web%20profesional.%0A%0AMuchas%20peluquer%C3%ADas%20solo%20tienen%20Instagram%2C%20pero%20una%20p%C3%A1gina%20web%20les%20da%20mucha%20m%C3%A1s%20credibilidad%20y%20atrae%20clientes%20que%20buscan%20servicios%20espec%C3%ADficos.%20(%C2%A1248%20rese%C3%B1as%20en%20Google!)%0A%0A%C2%BFActualmente%20tienen%20p%C3%A1gina%20web%20o%20solo%20manejan%20redes%20sociales%3F%0A%0ASi%20les%20interesa%2C%20les%20mostramos%20un%20demo%20sin%20compromiso.%0AQuedamos%20atentos%2C%0AEquipo%20Paragu-AI,https://wa.me/595985105541?text=%C2%A1Hola%20de%20nuevo!%20%F0%9F%91%8B%0A%0APreparamos%20algo%20especial%20para%20Carol%20Peluquer%C3%ADa%3A%0A%0A%F0%9F%8C%90%20Carol%20Peluquer%C3%ADa%20%E2%80%94%20SITIO%20WEB%20DE%20DEMO%3A%0Ahttps%3A%2F%2Fparagu-ai.com%2Fs%2Fes%2Fpreview-carol-peluquera%0A%0AEste%20demo%20est%C3%A1%20basado%20en%20lo%20que%20vimos%20de%20su%20negocio.%20Tiene%20secciones%20de%20servicios%2C%20galer%C3%ADa%2C%20equipo%2C%20contacto%20y%20m%C3%A1s.%20Se%20ve%20perfecto%20en%20celulares.%0A%0A%C2%BFLes%20gustar%C3%ADa%20agendar%20una%20llamada%20de%2010%20minutos%20para%20ver%20c%C3%B3mo%20personalizarlo%20con%20sus%20fotos%20y%20colores%3F%0A%0ASaludos%2C%0AEquipo%20Paragu-AI,"🔥 Muy establecido"
75,"Carol Peluquería",peluqueria,Encarnación,0985 105541,4.7,248,https://paragu-ai.com/s/es/preview-carol-peluquera-04d751a1,"¡Hola! 👋\n\nSoy de Paragu-AI ✂️ — ayudamos a negocios como Carol Peluquería a tener presencia web profesional.\n\nMuchas peluquerías solo tienen Instagram, pero una página web les da mucha más credibilidad y atrae clientes que buscan servicios específicos. (¡248 reseñas en Google!)\n\n¿Actualmente tienen página web o solo manejan redes sociales?\n\nSi les interesa, les mostramos un demo sin compromiso.\nQuedamos atentos,\nEquipo Paragu-AI","¡Hola de nuevo! 👋\n\nPreparamos algo especial para Carol Peluquería:\n\n🌐 Carol Peluquería — SITIO WEB DE DEMO:\nhttps://paragu-ai.com/s/es/preview-carol-peluquera-04d751a1\n\nEste demo está basado en lo que vimos de su negocio. Tiene secciones de servicios, galería, equipo, contacto y más. Se ve perfecto en celulares.\n\n¿Les gustaría agendar una llamada de 10 minutos para ver cómo personalizarlo con sus fotos y colores?\n\nSaludos,\nEquipo Paragu-AI",https://wa.me/595985105541?text=%C2%A1Hola!%20%F0%9F%91%8B%0A%0ASoy%20de%20Paragu-AI%20%E2%9C%82%EF%B8%8F%20%E2%80%94%20ayudamos%20a%20negocios%20como%20Carol%20Peluquer%C3%ADa%20a%20tener%20presencia%20web%20profesional.%0A%0AMuchas%20peluquer%C3%ADas%20solo%20tienen%20Instagram%2C%20pero%20una%20p%C3%A1gina%20web%20les%20da%20mucha%20m%C3%A1s%20credibilidad%20y%20atrae%20clientes%20que%20buscan%20servicios%20espec%C3%ADficos.%20(%C2%A1248%20rese%C3%B1as%20en%20Google!)%0A%0A%C2%BFActualmente%20tienen%20p%C3%A1gina%20web%20o%20solo%20manejan%20redes%20sociales%3F%0A%0ASi%20les%20interesa%2C%20les%20mostramos%20un%20demo%20sin%20compromiso.%0AQuedamos%20atentos%2C%0AEquipo%20Paragu-AI,https://wa.me/595985105541?text=%C2%A1Hola%20de%20nuevo!%20%F0%9F%91%8B%0A%0APreparamos%20algo%20especial%20para%20Carol%20Peluquer%C3%ADa%3A%0A%0A%F0%9F%8C%90%20Carol%20Peluquer%C3%ADa%20%E2%80%94%20SITIO%20WEB%20DE%20DEMO%3A%0Ahttps%3A%2F%2Fparagu-ai.com%2Fs%2Fes%2Fpreview-carol-peluquera-04d751a1%0A%0AEste%20demo%20est%C3%A1%20basado%20en%20lo%20que%20vimos%20de%20su%20negocio.%20Tiene%20secciones%20de%20servicios%2C%20galer%C3%ADa%2C%20equipo%2C%20contacto%20y%20m%C3%A1s.%20Se%20ve%20perfecto%20en%20celulares.%0A%0A%C2%BFLes%20gustar%C3%ADa%20agendar%20una%20llamada%20de%2010%20minutos%20para%20ver%20c%C3%B3mo%20personalizarlo%20con%20sus%20fotos%20y%20colores%3F%0A%0ASaludos%2C%0AEquipo%20Paragu-AI,"🔥 Muy establecido"
75,"Resto-bar alameda",peluqueria,Atyrá,0986 661271,4.7,242,https://paragu-ai.com/s/es/preview-resto-bar-alameda,"¡Hola! 👋\n\nSoy de Paragu-AI ✂️ — ayudamos a negocios como Resto-bar alameda a tener presencia web profesional.\n\nMuchas peluquerías solo tienen Instagram, pero una página web les da mucha más credibilidad y atrae clientes que buscan servicios específicos. (¡242 reseñas en Google!)\n\n¿Actualmente tienen página web o solo manejan redes sociales?\n\nSi les interesa, les mostramos un demo sin compromiso.\nQuedamos atentos,\nEquipo Paragu-AI","¡Hola de nuevo! 👋\n\nPreparamos algo especial para Resto-bar alameda:\n\n🌐 Resto-bar alameda — SITIO WEB DE DEMO:\nhttps://paragu-ai.com/s/es/preview-resto-bar-alameda\n\nEste demo está basado en lo que vimos de su negocio. Tiene secciones de servicios, galería, equipo, contacto y más. Se ve perfecto en celulares.\n\n¿Les gustaría agendar una llamada de 10 minutos para ver cómo personalizarlo con sus fotos y colores?\n\nSaludos,\nEquipo Paragu-AI",https://wa.me/595986661271?text=%C2%A1Hola!%20%F0%9F%91%8B%0A%0ASoy%20de%20Paragu-AI%20%E2%9C%82%EF%B8%8F%20%E2%80%94%20ayudamos%20a%20negocios%20como%20Resto-bar%20alameda%20a%20tener%20presencia%20web%20profesional.%0A%0AMuchas%20peluquer%C3%ADas%20solo%20tienen%20Instagram%2C%20pero%20una%20p%C3%A1gina%20web%20les%20da%20mucha%20m%C3%A1s%20credibilidad%20y%20atrae%20clientes%20que%20buscan%20servicios%20espec%C3%ADficos.%20(%C2%A1242%20rese%C3%B1as%20en%20Google!)%0A%0A%C2%BFActualmente%20tienen%20p%C3%A1gina%20web%20o%20solo%20manejan%20redes%20sociales%3F%0A%0ASi%20les%20interesa%2C%20les%20mostramos%20un%20demo%20sin%20compromiso.%0AQuedamos%20atentos%2C%0AEquipo%20Paragu-AI,https://wa.me/595986661271?text=%C2%A1Hola%20de%20nuevo!%20%F0%9F%91%8B%0A%0APreparamos%20algo%20especial%20para%20Resto-bar%20alameda%3A%0A%0A%F0%9F%8C%90%20Resto-bar%20alameda%20%E2%80%94%20SITIO%20WEB%20DE%20DEMO%3A%0Ahttps%3A%2F%2Fparagu-ai.com%2Fs%2Fes%2Fpreview-resto-bar-alameda%0A%0AEste%20demo%20est%C3%A1%20basado%20en%20lo%20que%20vimos%20de%20su%20negocio.%20Tiene%20secciones%20de%20servicios%2C%20galer%C3%ADa%2C%20equipo%2C%20contacto%20y%20m%C3%A1s.%20Se%20ve%20perfecto%20en%20celulares.%0A%0A%C2%BFLes%20gustar%C3%ADa%20agendar%20una%20llamada%20de%2010%20minutos%20para%20ver%20c%C3%B3mo%20personalizarlo%20con%20sus%20fotos%20y%20colores%3F%0A%0ASaludos%2C%0AEquipo%20Paragu-AI,"🔥 Muy establecido"
75,"YessNails Spa Manos",spa,San Antonio,0981 618000,4.7,204,https://paragu-ai.com/s/es/preview-yessnails-spa-manos-0c838b8e,"¡Hola! 👋\n\nSoy de Paragu-AI 🧖 — ayudamos a negocios como YessNails Spa Manos a tener presencia web profesional.\n\nUn spa con página web transmite mucha más confianza y profesionalismo. Vi sus reseñas excelentes y creo que una web les vendría genial. (¡204 reseñas en Google!)\n\n¿Actualmente tienen página web o solo manejan redes sociales?\n\nSi les interesa, les mostramos un demo sin compromiso.\nQuedamos atentos,\nEquipo Paragu-AI","¡Hola de nuevo! 👋\n\nPreparamos algo especial para YessNails Spa Manos:\n\n🌐 YessNails Spa Manos — SITIO WEB DE DEMO:\nhttps://paragu-ai.com/s/es/preview-yessnails-spa-manos-0c838b8e\n\nEste demo está basado en lo que vimos de su negocio. Tiene secciones de servicios, galería, equipo, contacto y más. Se ve perfecto en celulares.\n\n¿Les gustaría agendar una llamada de 10 minutos para ver cómo personalizarlo con sus fotos y colores?\n\nSaludos,\nEquipo Paragu-AI",https://wa.me/595981618000?text=%C2%A1Hola!%20%F0%9F%91%8B%0A%0ASoy%20de%20Paragu-AI%20%F0%9F%A7%96%20%E2%80%94%20ayudamos%20a%20negocios%20como%20YessNails%20Spa%20Manos%20a%20tener%20presencia%20web%20profesional.%0A%0AUn%20spa%20con%20p%C3%A1gina%20web%20transmite%20mucha%20m%C3%A1s%20confianza%20y%20profesionalismo.%20Vi%20sus%20rese%C3%B1as%20excelentes%20y%20creo%20que%20una%20web%20les%20vendr%C3%ADa%20genial.%20(%C2%A1204%20rese%C3%B1as%20en%20Google!)%0A%0A%C2%BFActualmente%20tienen%20p%C3%A1gina%20web%20o%20solo%20manejan%20redes%20sociales%3F%0A%0ASi%20les%20interesa%2C%20les%20mostramos%20un%20demo%20sin%20compromiso.%0AQuedamos%20atentos%2C%0AEquipo%20Paragu-AI,https://wa.me/595981618000?text=%C2%A1Hola%20de%20nuevo!%20%F0%9F%91%8B%0A%0APreparamos%20algo%20especial%20para%20YessNails%20Spa%20Manos%3A%0A%0A%F0%9F%8C%90%20YessNails%20Spa%20Manos%20%E2%80%94%20SITIO%20WEB%20DE%20DEMO%3A%0Ahttps%3A%2F%2Fparagu-ai.com%2Fs%2Fes%2Fpreview-yessnails-spa-manos-0c838b8e%0A%0AEste%20demo%20est%C3%A1%20basado%20en%20lo%20que%20vimos%20de%20su%20negocio.%20Tiene%20secciones%20de%20servicios%2C%20galer%C3%ADa%2C%20equipo%2C%20contacto%20y%20m%C3%A1s.%20Se%20ve%20perfecto%20en%20celulares.%0A%0A%C2%BFLes%20gustar%C3%ADa%20agendar%20una%20llamada%20de%2010%20minutos%20para%20ver%20c%C3%B3mo%20personalizarlo%20con%20sus%20fotos%20y%20colores%3F%0A%0ASaludos%2C%0AEquipo%20Paragu-AI,"🔥 Muy establecido"
75,"YessNails Spa Manos",spa,San Antonio,0981 618000,4.7,204,https://paragu-ai.com/s/es/preview-yessnails-spa-manos,"¡Hola! 👋\n\nSoy de Paragu-AI 🧖 — ayudamos a negocios como YessNails Spa Manos a tener presencia web profesional.\n\nUn spa con página web transmite mucha más confianza y profesionalismo. Vi sus reseñas excelentes y creo que una web les vendría genial. (¡204 reseñas en Google!)\n\n¿Actualmente tienen página web o solo manejan redes sociales?\n\nSi les interesa, les mostramos un demo sin compromiso.\nQuedamos atentos,\nEquipo Paragu-AI","¡Hola de nuevo! 👋\n\nPreparamos algo especial para YessNails Spa Manos:\n\n🌐 YessNails Spa Manos — SITIO WEB DE DEMO:\nhttps://paragu-ai.com/s/es/preview-yessnails-spa-manos\n\nEste demo está basado en lo que vimos de su negocio. Tiene secciones de servicios, galería, equipo, contacto y más. Se ve perfecto en celulares.\n\n¿Les gustaría agendar una llamada de 10 minutos para ver cómo personalizarlo con sus fotos y colores?\n\nSaludos,\nEquipo Paragu-AI",https://wa.me/595981618000?text=%C2%A1Hola!%20%F0%9F%91%8B%0A%0ASoy%20de%20Paragu-AI%20%F0%9F%A7%96%20%E2%80%94%20ayudamos%20a%20negocios%20como%20YessNails%20Spa%20Manos%20a%20tener%20presencia%20web%20profesional.%0A%0AUn%20spa%20con%20p%C3%A1gina%20web%20transmite%20mucha%20m%C3%A1s%20confianza%20y%20profesionalismo.%20Vi%20sus%20rese%C3%B1as%20excelentes%20y%20creo%20que%20una%20web%20les%20vendr%C3%ADa%20genial.%20(%C2%A1204%20rese%C3%B1as%20en%20Google!)%0A%0A%C2%BFActualmente%20tienen%20p%C3%A1gina%20web%20o%20solo%20manejan%20redes%20sociales%3F%0A%0ASi%20les%20interesa%2C%20les%20mostramos%20un%20demo%20sin%20compromiso.%0AQuedamos%20atentos%2C%0AEquipo%20Paragu-AI,https://wa.me/595981618000?text=%C2%A1Hola%20de%20nuevo!%20%F0%9F%91%8B%0A%0APreparamos%20algo%20especial%20para%20YessNails%20Spa%20Manos%3A%0A%0A%F0%9F%8C%90%20YessNails%20Spa%20Manos%20%E2%80%94%20SITIO%20WEB%20DE%20DEMO%3A%0Ahttps%3A%2F%2Fparagu-ai.com%2Fs%2Fes%2Fpreview-yessnails-spa-manos%0A%0AEste%20demo%20est%C3%A1%20basado%20en%20lo%20que%20vimos%20de%20su%20negocio.%20Tiene%20secciones%20de%20servicios%2C%20galer%C3%ADa%2C%20equipo%2C%20contacto%20y%20m%C3%A1s.%20Se%20ve%20perfecto%20en%20celulares.%0A%0A%C2%BFLes%20gustar%C3%ADa%20agendar%20una%20llamada%20de%2010%20minutos%20para%20ver%20c%C3%B3mo%20personalizarlo%20con%20sus%20fotos%20y%20colores%3F%0A%0ASaludos%2C%0AEquipo%20Paragu-AI,"🔥 Muy establecido"
75,"SUPER TOTAL",peluqueria,Ayolas,(072) 222 624,4.6,195,https://paragu-ai.com/s/es/preview-super-total,"¡Hola! 👋\n\nSoy de Paragu-AI ✂️ — ayudamos a negocios como SUPER TOTAL a tener presencia web profesional.\n\nMuchas peluquerías solo tienen Instagram, pero una página web les da mucha más credibilidad y atrae clientes que buscan servicios específicos. (¡195 reseñas en Google!)\n\n¿Actualmente tienen página web o solo manejan redes sociales?\n\nSi les interesa, les mostramos un demo sin compromiso.\nQuedamos atentos,\nEquipo Paragu-AI","¡Hola de nuevo! 👋\n\nPreparamos algo especial para SUPER TOTAL:\n\n🌐 SUPER TOTAL — SITIO WEB DE DEMO:\nhttps://paragu-ai.com/s/es/preview-super-total\n\nEste demo está basado en lo que vimos de su negocio. Tiene secciones de servicios, galería, equipo, contacto y más. Se ve perfecto en celulares.\n\n¿Les gustaría agendar una llamada de 10 minutos para ver cómo personalizarlo con sus fotos y colores?\n\nSaludos,\nEquipo Paragu-AI",https://wa.me/59572222624?text=%C2%A1Hola!%20%F0%9F%91%8B%0A%0ASoy%20de%20Paragu-AI%20%E2%9C%82%EF%B8%8F%20%E2%80%94%20ayudamos%20a%20negocios%20como%20SUPER%20TOTAL%20a%20tener%20presencia%20web%20profesional.%0A%0AMuchas%20peluquer%C3%ADas%20solo%20tienen%20Instagram%2C%20pero%20una%20p%C3%A1gina%20web%20les%20da%20mucha%20m%C3%A1s%20credibilidad%20y%20atrae%20clientes%20que%20buscan%20servicios%20espec%C3%ADficos.%20(%C2%A1195%20rese%C3%B1as%20en%20Google!)%0A%0A%C2%BFActualmente%20tienen%20p%C3%A1gina%20web%20o%20solo%20manejan%20redes%20sociales%3F%0A%0ASi%20les%20interesa%2C%20les%20mostramos%20un%20demo%20sin%20compromiso.%0AQuedamos%20atentos%2C%0AEquipo%20Paragu-AI,https://wa.me/59572222624?text=%C2%A1Hola%20de%20nuevo!%20%F0%9F%91%8B%0A%0APreparamos%20algo%20especial%20para%20SUPER%20TOTAL%3A%0A%0A%F0%9F%8C%90%20SUPER%20TOTAL%20%E2%80%94%20SITIO%20WEB%20DE%20DEMO%3A%0Ahttps%3A%2F%2Fparagu-ai.com%2Fs%2Fes%2Fpreview-super-total%0A%0AEste%20demo%20est%C3%A1%20basado%20en%20lo%20que%20vimos%20de%20su%20negocio.%20Tiene%20secciones%20de%20servicios%2C%20galer%C3%ADa%2C%20equipo%2C%20contacto%20y%20m%C3%A1s.%20Se%20ve%20perfecto%20en%20celulares.%0A%0A%C2%BFLes%20gustar%C3%ADa%20agendar%20una%20llamada%20de%2010%20minutos%20para%20ver%20c%C3%B3mo%20personalizarlo%20con%20sus%20fotos%20y%20colores%3F%0A%0ASaludos%2C%0AEquipo%20Paragu-AI,""
75,"Alto Aregua Galeria de Arte y Posada",peluqueria,Areguá,0971 150599,4.6,194,https://paragu-ai.com/s/es/preview-alto-aregua-galeria-de-arte-y-posada,"¡Hola! 👋\n\nSoy de Paragu-AI ✂️ — ayudamos a negocios como Alto Aregua Galeria de Arte y Posada a tener presencia web profesional.\n\nMuchas peluquerías solo tienen Instagram, pero una página web les da mucha más credibilidad y atrae clientes que buscan servicios específicos. (¡194 reseñas en Google!)\n\n¿Actualmente tienen página web o solo manejan redes sociales?\n\nSi les interesa, les mostramos un demo sin compromiso.\nQuedamos atentos,\nEquipo Paragu-AI","¡Hola de nuevo! 👋\n\nPreparamos algo especial para Alto Aregua Galeria de Arte y Posada:\n\n🌐 Alto Aregua Galeria de Arte y Posada — SITIO WEB DE DEMO:\nhttps://paragu-ai.com/s/es/preview-alto-aregua-galeria-de-arte-y-posada\n\nEste demo está basado en lo que vimos de su negocio. Tiene secciones de servicios, galería, equipo, contacto y más. Se ve perfecto en celulares.\n\n¿Les gustaría agendar una llamada de 10 minutos para ver cómo personalizarlo con sus fotos y colores?\n\nSaludos,\nEquipo Paragu-AI",https://wa.me/595971150599?text=%C2%A1Hola!%20%F0%9F%91%8B%0A%0ASoy%20de%20Paragu-AI%20%E2%9C%82%EF%B8%8F%20%E2%80%94%20ayudamos%20a%20negocios%20como%20Alto%20Aregua%20Galeria%20de%20Arte%20y%20Posada%20a%20tener%20presencia%20web%20profesional.%0A%0AMuchas%20peluquer%C3%ADas%20solo%20tienen%20Instagram%2C%20pero%20una%20p%C3%A1gina%20web%20les%20da%20mucha%20m%C3%A1s%20credibilidad%20y%20atrae%20clientes%20que%20buscan%20servicios%20espec%C3%ADficos.%20(%C2%A1194%20rese%C3%B1as%20en%20Google!)%0A%0A%C2%BFActualmente%20tienen%20p%C3%A1gina%20web%20o%20solo%20manejan%20redes%20sociales%3F%0A%0ASi%20les%20interesa%2C%20les%20mostramos%20un%20demo%20sin%20compromiso.%0AQuedamos%20atentos%2C%0AEquipo%20Paragu-AI,https://wa.me/595971150599?text=%C2%A1Hola%20de%20nuevo!%20%F0%9F%91%8B%0A%0APreparamos%20algo%20especial%20para%20Alto%20Aregua%20Galeria%20de%20Arte%20y%20Posada%3A%0A%0A%F0%9F%8C%90%20Alto%20Aregua%20Galeria%20de%20Arte%20y%20Posada%20%E2%80%94%20SITIO%20WEB%20DE%20DEMO%3A%0Ahttps%3A%2F%2Fparagu-ai.com%2Fs%2Fes%2Fpreview-alto-aregua-galeria-de-arte-y-posada%0A%0AEste%20demo%20est%C3%A1%20basado%20en%20lo%20que%20vimos%20de%20su%20negocio.%20Tiene%20secciones%20de%20servicios%2C%20galer%C3%ADa%2C%20equipo%2C%20contacto%20y%20m%C3%A1s.%20Se%20ve%20perfecto%20en%20celulares.%0A%0A%C2%BFLes%20gustar%C3%ADa%20agendar%20una%20llamada%20de%2010%20minutos%20para%20ver%20c%C3%B3mo%20personalizarlo%20con%20sus%20fotos%20y%20colores%3F%0A%0ASaludos%2C%0AEquipo%20Paragu-AI,""
75,"MADELCAP",peluqueria,Ñemby,0971 754545,4.7,188,https://paragu-ai.com/s/es/preview-madelcap,"¡Hola! 👋\n\nSoy de Paragu-AI ✂️ — ayudamos a negocios como MADELCAP a tener presencia web profesional.\n\nMuchas peluquerías solo tienen Instagram, pero una página web les da mucha más credibilidad y atrae clientes que buscan servicios específicos. (¡188 reseñas en Google!)\n\n¿Actualmente tienen página web o solo manejan redes sociales?\n\nSi les interesa, les mostramos un demo sin compromiso.\nQuedamos atentos,\nEquipo Paragu-AI","¡Hola de nuevo! 👋\n\nPreparamos algo especial para MADELCAP:\n\n🌐 MADELCAP — SITIO WEB DE DEMO:\nhttps://paragu-ai.com/s/es/preview-madelcap\n\nEste demo está basado en lo que vimos de su negocio. Tiene secciones de servicios, galería, equipo, contacto y más. Se ve perfecto en celulares.\n\n¿Les gustaría agendar una llamada de 10 minutos para ver cómo personalizarlo con sus fotos y colores?\n\nSaludos,\nEquipo Paragu-AI",https://wa.me/595971754545?text=%C2%A1Hola!%20%F0%9F%91%8B%0A%0ASoy%20de%20Paragu-AI%20%E2%9C%82%EF%B8%8F%20%E2%80%94%20ayudamos%20a%20negocios%20como%20MADELCAP%20a%20tener%20presencia%20web%20profesional.%0A%0AMuchas%20peluquer%C3%ADas%20solo%20tienen%20Instagram%2C%20pero%20una%20p%C3%A1gina%20web%20les%20da%20mucha%20m%C3%A1s%20credibilidad%20y%20atrae%20clientes%20que%20buscan%20servicios%20espec%C3%ADficos.%20(%C2%A1188%20rese%C3%B1as%20en%20Google!)%0A%0A%C2%BFActualmente%20tienen%20p%C3%A1gina%20web%20o%20solo%20manejan%20redes%20sociales%3F%0A%0ASi%20les%20interesa%2C%20les%20mostramos%20un%20demo%20sin%20compromiso.%0AQuedamos%20atentos%2C%0AEquipo%20Paragu-AI,https://wa.me/595971754545?text=%C2%A1Hola%20de%20nuevo!%20%F0%9F%91%8B%0A%0APreparamos%20algo%20especial%20para%20MADELCAP%3A%0A%0A%F0%9F%8C%90%20MADELCAP%20%E2%80%94%20SITIO%20WEB%20DE%20DEMO%3A%0Ahttps%3A%2F%2Fparagu-ai.com%2Fs%2Fes%2Fpreview-madelcap%0A%0AEste%20demo%20est%C3%A1%20basado%20en%20lo%20que%20vimos%20de%20su%20negocio.%20Tiene%20secciones%20de%20servicios%2C%20galer%C3%ADa%2C%20equipo%2C%20contacto%20y%20m%C3%A1s.%20Se%20ve%20perfecto%20en%20celulares.%0A%0A%C2%BFLes%20gustar%C3%ADa%20agendar%20una%20llamada%20de%2010%20minutos%20para%20ver%20c%C3%B3mo%20personalizarlo%20con%20sus%20fotos%20y%20colores%3F%0A%0ASaludos%2C%0AEquipo%20Paragu-AI,""
75,"Creperia Cafe Casa Vital",peluqueria,San Bernardino,0983 104489,4.6,165,https://paragu-ai.com/s/es/preview-creperia-cafe-casa-vital,"¡Hola! 👋\n\nSoy de Paragu-AI ✂️ — ayudamos a negocios como Creperia Cafe Casa Vital a tener presencia web profesional.\n\nMuchas peluquerías solo tienen Instagram, pero una página web les da mucha más credibilidad y atrae clientes que buscan servicios específicos. (¡165 reseñas en Google!)\n\n¿Actualmente tienen página web o solo manejan redes sociales?\n\nSi les interesa, les mostramos un demo sin compromiso.\nQuedamos atentos,\nEquipo Paragu-AI","¡Hola de nuevo! 👋\n\nPreparamos algo especial para Creperia Cafe Casa Vital:\n\n🌐 Creperia Cafe Casa Vital — SITIO WEB DE DEMO:\nhttps://paragu-ai.com/s/es/preview-creperia-cafe-casa-vital\n\nEste demo está basado en lo que vimos de su negocio. Tiene secciones de servicios, galería, equipo, contacto y más. Se ve perfecto en celulares.\n\n¿Les gustaría agendar una llamada de 10 minutos para ver cómo personalizarlo con sus fotos y colores?\n\nSaludos,\nEquipo Paragu-AI",https://wa.me/595983104489?text=%C2%A1Hola!%20%F0%9F%91%8B%0A%0ASoy%20de%20Paragu-AI%20%E2%9C%82%EF%B8%8F%20%E2%80%94%20ayudamos%20a%20negocios%20como%20Creperia%20Cafe%20Casa%20Vital%20a%20tener%20presencia%20web%20profesional.%0A%0AMuchas%20peluquer%C3%ADas%20solo%20tienen%20Instagram%2C%20pero%20una%20p%C3%A1gina%20web%20les%20da%20mucha%20m%C3%A1s%20credibilidad%20y%20atrae%20clientes%20que%20buscan%20servicios%20espec%C3%ADficos.%20(%C2%A1165%20rese%C3%B1as%20en%20Google!)%0A%0A%C2%BFActualmente%20tienen%20p%C3%A1gina%20web%20o%20solo%20manejan%20redes%20sociales%3F%0A%0ASi%20les%20interesa%2C%20les%20mostramos%20un%20demo%20sin%20compromiso.%0AQuedamos%20atentos%2C%0AEquipo%20Paragu-AI,https://wa.me/595983104489?text=%C2%A1Hola%20de%20nuevo!%20%F0%9F%91%8B%0A%0APreparamos%20algo%20especial%20para%20Creperia%20Cafe%20Casa%20Vital%3A%0A%0A%F0%9F%8C%90%20Creperia%20Cafe%20Casa%20Vital%20%E2%80%94%20SITIO%20WEB%20DE%20DEMO%3A%0Ahttps%3A%2F%2Fparagu-ai.com%2Fs%2Fes%2Fpreview-creperia-cafe-casa-vital%0A%0AEste%20demo%20est%C3%A1%20basado%20en%20lo%20que%20vimos%20de%20su%20negocio.%20Tiene%20secciones%20de%20servicios%2C%20galer%C3%ADa%2C%20equipo%2C%20contacto%20y%20m%C3%A1s.%20Se%20ve%20perfecto%20en%20celulares.%0A%0A%C2%BFLes%20gustar%C3%ADa%20agendar%20una%20llamada%20de%2010%20minutos%20para%20ver%20c%C3%B3mo%20personalizarlo%20con%20sus%20fotos%20y%20colores%3F%0A%0ASaludos%2C%0AEquipo%20Paragu-AI,""
75,"Pampaiva MakeUp",maquillaje,Mariano Roque Alonso,0981 775554,4.7,165,https://paragu-ai.com/s/es/preview-pampaiva-makeup,"¡Hola! 👋\n\nSoy de Paragu-AI 💄 — ayudamos a negocios como Pampaiva MakeUp a tener presencia web profesional.\n\nComo maquilladora profesional, un portafolio web es fundamental. Muestra mucho más profesionalismo que solo Instagram. (¡165 reseñas en Google!)\n\n¿Actualmente tienen página web o solo manejan redes sociales?\n\nSi les interesa, les mostramos un demo sin compromiso.\nQuedamos atentos,\nEquipo Paragu-AI","¡Hola de nuevo! 👋\n\nPreparamos algo especial para Pampaiva MakeUp:\n\n🌐 Pampaiva MakeUp — SITIO WEB DE DEMO:\nhttps://paragu-ai.com/s/es/preview-pampaiva-makeup\n\nEste demo está basado en lo que vimos de su negocio. Tiene secciones de servicios, galería, equipo, contacto y más. Se ve perfecto en celulares.\n\n¿Les gustaría agendar una llamada de 10 minutos para ver cómo personalizarlo con sus fotos y colores?\n\nSaludos,\nEquipo Paragu-AI",https://wa.me/595981775554?text=%C2%A1Hola!%20%F0%9F%91%8B%0A%0ASoy%20de%20Paragu-AI%20%F0%9F%92%84%20%E2%80%94%20ayudamos%20a%20negocios%20como%20Pampaiva%20MakeUp%20a%20tener%20presencia%20web%20profesional.%0A%0AComo%20maquilladora%20profesional%2C%20un%20portafolio%20web%20es%20fundamental.%20Muestra%20mucho%20m%C3%A1s%20profesionalismo%20que%20solo%20Instagram.%20(%C2%A1165%20rese%C3%B1as%20en%20Google!)%0A%0A%C2%BFActualmente%20tienen%20p%C3%A1gina%20web%20o%20solo%20manejan%20redes%20sociales%3F%0A%0ASi%20les%20interesa%2C%20les%20mostramos%20un%20demo%20sin%20compromiso.%0AQuedamos%20atentos%2C%0AEquipo%20Paragu-AI,https://wa.me/595981775554?text=%C2%A1Hola%20de%20nuevo!%20%F0%9F%91%8B%0A%0APreparamos%20algo%20especial%20para%20Pampaiva%20MakeUp%3A%0A%0A%F0%9F%8C%90%20Pampaiva%20MakeUp%20%E2%80%94%20SITIO%20WEB%20DE%20DEMO%3A%0Ahttps%3A%2F%2Fparagu-ai.com%2Fs%2Fes%2Fpreview-pampaiva-makeup%0A%0AEste%20demo%20est%C3%A1%20basado%20en%20lo%20que%20vimos%20de%20su%20negocio.%20Tiene%20secciones%20de%20servicios%2C%20galer%C3%ADa%2C%20equipo%2C%20contacto%20y%20m%C3%A1s.%20Se%20ve%20perfecto%20en%20celulares.%0A%0A%C2%BFLes%20gustar%C3%ADa%20agendar%20una%20llamada%20de%2010%20minutos%20para%20ver%20c%C3%B3mo%20personalizarlo%20con%20sus%20fotos%20y%20colores%3F%0A%0ASaludos%2C%0AEquipo%20Paragu-AI,""
75,"PIZZERIA Y LOMITERÍA ALAN",peluqueria,Capiatá,0983 905773,4.7,158,https://paragu-ai.com/s/es/preview-pizzeria-y-lomitera-alan,"¡Hola! 👋\n\nSoy de Paragu-AI ✂️ — ayudamos a negocios como PIZZERIA Y LOMITERÍA ALAN a tener presencia web profesional.\n\nMuchas peluquerías solo tienen Instagram, pero una página web les da mucha más credibilidad y atrae clientes que buscan servicios específicos. (¡158 reseñas en Google!)\n\n¿Actualmente tienen página web o solo manejan redes sociales?\n\nSi les interesa, les mostramos un demo sin compromiso.\nQuedamos atentos,\nEquipo Paragu-AI","¡Hola de nuevo! 👋\n\nPreparamos algo especial para PIZZERIA Y LOMITERÍA ALAN:\n\n🌐 PIZZERIA Y LOMITERÍA ALAN — SITIO WEB DE DEMO:\nhttps://paragu-ai.com/s/es/preview-pizzeria-y-lomitera-alan\n\nEste demo está basado en lo que vimos de su negocio. Tiene secciones de servicios, galería, equipo, contacto y más. Se ve perfecto en celulares.\n\n¿Les gustaría agendar una llamada de 10 minutos para ver cómo personalizarlo con sus fotos y colores?\n\nSaludos,\nEquipo Paragu-AI",https://wa.me/595983905773?text=%C2%A1Hola!%20%F0%9F%91%8B%0A%0ASoy%20de%20Paragu-AI%20%E2%9C%82%EF%B8%8F%20%E2%80%94%20ayudamos%20a%20negocios%20como%20PIZZERIA%20Y%20LOMITER%C3%8DA%20ALAN%20a%20tener%20presencia%20web%20profesional.%0A%0AMuchas%20peluquer%C3%ADas%20solo%20tienen%20Instagram%2C%20pero%20una%20p%C3%A1gina%20web%20les%20da%20mucha%20m%C3%A1s%20credibilidad%20y%20atrae%20clientes%20que%20buscan%20servicios%20espec%C3%ADficos.%20(%C2%A1158%20rese%C3%B1as%20en%20Google!)%0A%0A%C2%BFActualmente%20tienen%20p%C3%A1gina%20web%20o%20solo%20manejan%20redes%20sociales%3F%0A%0ASi%20les%20interesa%2C%20les%20mostramos%20un%20demo%20sin%20compromiso.%0AQuedamos%20atentos%2C%0AEquipo%20Paragu-AI,https://wa.me/595983905773?text=%C2%A1Hola%20de%20nuevo!%20%F0%9F%91%8B%0A%0APreparamos%20algo%20especial%20para%20PIZZERIA%20Y%20LOMITER%C3%8DA%20ALAN%3A%0A%0A%F0%9F%8C%90%20PIZZERIA%20Y%20LOMITER%C3%8DA%20ALAN%20%E2%80%94%20SITIO%20WEB%20DE%20DEMO%3A%0Ahttps%3A%2F%2Fparagu-ai.com%2Fs%2Fes%2Fpreview-pizzeria-y-lomitera-alan%0A%0AEste%20demo%20est%C3%A1%20basado%20en%20lo%20que%20vimos%20de%20su%20negocio.%20Tiene%20secciones%20de%20servicios%2C%20galer%C3%ADa%2C%20equipo%2C%20contacto%20y%20m%C3%A1s.%20Se%20ve%20perfecto%20en%20celulares.%0A%0A%C2%BFLes%20gustar%C3%ADa%20agendar%20una%20llamada%20de%2010%20minutos%20para%20ver%20c%C3%B3mo%20personalizarlo%20con%20sus%20fotos%20y%20colores%3F%0A%0ASaludos%2C%0AEquipo%20Paragu-AI,""
75,"Villa Hayes Centro",peluqueria,Villa Hayes,0981 806623,4.5,151,https://paragu-ai.com/s/es/preview-villa-hayes-centro,"¡Hola! 👋\n\nSoy de Paragu-AI ✂️ — ayudamos a negocios como Villa Hayes Centro a tener presencia web profesional.\n\nMuchas peluquerías solo tienen Instagram, pero una página web les da mucha más credibilidad y atrae clientes que buscan servicios específicos. (¡151 reseñas en Google!)\n\n¿Actualmente tienen página web o solo manejan redes sociales?\n\nSi les interesa, les mostramos un demo sin compromiso.\nQuedamos atentos,\nEquipo Paragu-AI","¡Hola de nuevo! 👋\n\nPreparamos algo especial para Villa Hayes Centro:\n\n🌐 Villa Hayes Centro — SITIO WEB DE DEMO:\nhttps://paragu-ai.com/s/es/preview-villa-hayes-centro\n\nEste demo está basado en lo que vimos de su negocio. Tiene secciones de servicios, galería, equipo, contacto y más. Se ve perfecto en celulares.\n\n¿Les gustaría agendar una llamada de 10 minutos para ver cómo personalizarlo con sus fotos y colores?\n\nSaludos,\nEquipo Paragu-AI",https://wa.me/595981806623?text=%C2%A1Hola!%20%F0%9F%91%8B%0A%0ASoy%20de%20Paragu-AI%20%E2%9C%82%EF%B8%8F%20%E2%80%94%20ayudamos%20a%20negocios%20como%20Villa%20Hayes%20Centro%20a%20tener%20presencia%20web%20profesional.%0A%0AMuchas%20peluquer%C3%ADas%20solo%20tienen%20Instagram%2C%20pero%20una%20p%C3%A1gina%20web%20les%20da%20mucha%20m%C3%A1s%20credibilidad%20y%20atrae%20clientes%20que%20buscan%20servicios%20espec%C3%ADficos.%20(%C2%A1151%20rese%C3%B1as%20en%20Google!)%0A%0A%C2%BFActualmente%20tienen%20p%C3%A1gina%20web%20o%20solo%20manejan%20redes%20sociales%3F%0A%0ASi%20les%20interesa%2C%20les%20mostramos%20un%20demo%20sin%20compromiso.%0AQuedamos%20atentos%2C%0AEquipo%20Paragu-AI,https://wa.me/595981806623?text=%C2%A1Hola%20de%20nuevo!%20%F0%9F%91%8B%0A%0APreparamos%20algo%20especial%20para%20Villa%20Hayes%20Centro%3A%0A%0A%F0%9F%8C%90%20Villa%20Hayes%20Centro%20%E2%80%94%20SITIO%20WEB%20DE%20DEMO%3A%0Ahttps%3A%2F%2Fparagu-ai.com%2Fs%2Fes%2Fpreview-villa-hayes-centro%0A%0AEste%20demo%20est%C3%A1%20basado%20en%20lo%20que%20vimos%20de%20su%20negocio.%20Tiene%20secciones%20de%20servicios%2C%20galer%C3%ADa%2C%20equipo%2C%20contacto%20y%20m%C3%A1s.%20Se%20ve%20perfecto%20en%20celulares.%0A%0A%C2%BFLes%20gustar%C3%ADa%20agendar%20una%20llamada%20de%2010%20minutos%20para%20ver%20c%C3%B3mo%20personalizarlo%20con%20sus%20fotos%20y%20colores%3F%0A%0ASaludos%2C%0AEquipo%20Paragu-AI,""
75,"Hair Fashion",peluqueria,Puerto Iguazú,03757 45-1896,4.5,135,https://paragu-ai.com/s/es/preview-hair-fashion-22fa36e3,"¡Hola! 👋\n\nSoy de Paragu-AI ✂️ — ayudamos a negocios como Hair Fashion a tener presencia web profesional.\n\nMuchas peluquerías solo tienen Instagram, pero una página web les da mucha más credibilidad y atrae clientes que buscan servicios específicos. (¡135 reseñas en Google!)\n\n¿Actualmente tienen página web o solo manejan redes sociales?\n\nSi les interesa, les mostramos un demo sin compromiso.\nQuedamos atentos,\nEquipo Paragu-AI","¡Hola de nuevo! 👋\n\nPreparamos algo especial para Hair Fashion:\n\n🌐 Hair Fashion — SITIO WEB DE DEMO:\nhttps://paragu-ai.com/s/es/preview-hair-fashion-22fa36e3\n\nEste demo está basado en lo que vimos de su negocio. Tiene secciones de servicios, galería, equipo, contacto y más. Se ve perfecto en celulares.\n\n¿Les gustaría agendar una llamada de 10 minutos para ver cómo personalizarlo con sus fotos y colores?\n\nSaludos,\nEquipo Paragu-AI",https://wa.me/5953757451896?text=%C2%A1Hola!%20%F0%9F%91%8B%0A%0ASoy%20de%20Paragu-AI%20%E2%9C%82%EF%B8%8F%20%E2%80%94%20ayudamos%20a%20negocios%20como%20Hair%20Fashion%20a%20tener%20presencia%20web%20profesional.%0A%0AMuchas%20peluquer%C3%ADas%20solo%20tienen%20Instagram%2C%20pero%20una%20p%C3%A1gina%20web%20les%20da%20mucha%20m%C3%A1s%20credibilidad%20y%20atrae%20clientes%20que%20buscan%20servicios%20espec%C3%ADficos.%20(%C2%A1135%20rese%C3%B1as%20en%20Google!)%0A%0A%C2%BFActualmente%20tienen%20p%C3%A1gina%20web%20o%20solo%20manejan%20redes%20sociales%3F%0A%0ASi%20les%20interesa%2C%20les%20mostramos%20un%20demo%20sin%20compromiso.%0AQuedamos%20atentos%2C%0AEquipo%20Paragu-AI,https://wa.me/5953757451896?text=%C2%A1Hola%20de%20nuevo!%20%F0%9F%91%8B%0A%0APreparamos%20algo%20especial%20para%20Hair%20Fashion%3A%0A%0A%F0%9F%8C%90%20Hair%20Fashion%20%E2%80%94%20SITIO%20WEB%20DE%20DEMO%3A%0Ahttps%3A%2F%2Fparagu-ai.com%2Fs%2Fes%2Fpreview-hair-fashion-22fa36e3%0A%0AEste%20demo%20est%C3%A1%20basado%20en%20lo%20que%20vimos%20de%20su%20negocio.%20Tiene%20secciones%20de%20servicios%2C%20galer%C3%ADa%2C%20equipo%2C%20contacto%20y%20m%C3%A1s.%20Se%20ve%20perfecto%20en%20celulares.%0A%0A%C2%BFLes%20gustar%C3%ADa%20agendar%20una%20llamada%20de%2010%20minutos%20para%20ver%20c%C3%B3mo%20personalizarlo%20con%20sus%20fotos%20y%20colores%3F%0A%0ASaludos%2C%0AEquipo%20Paragu-AI,""
75,"Los Lapachos",peluqueria,Altos,0981 200260,4.7,135,https://paragu-ai.com/s/es/preview-los-lapachos,"¡Hola! 👋\n\nSoy de Paragu-AI ✂️ — ayudamos a negocios como Los Lapachos a tener presencia web profesional.\n\nMuchas peluquerías solo tienen Instagram, pero una página web les da mucha más credibilidad y atrae clientes que buscan servicios específicos. (¡135 reseñas en Google!)\n\n¿Actualmente tienen página web o solo manejan redes sociales?\n\nSi les interesa, les mostramos un demo sin compromiso.\nQuedamos atentos,\nEquipo Paragu-AI","¡Hola de nuevo! 👋\n\nPreparamos algo especial para Los Lapachos:\n\n🌐 Los Lapachos — SITIO WEB DE DEMO:\nhttps://paragu-ai.com/s/es/preview-los-lapachos\n\nEste demo está basado en lo que vimos de su negocio. Tiene secciones de servicios, galería, equipo, contacto y más. Se ve perfecto en celulares.\n\n¿Les gustaría agendar una llamada de 10 minutos para ver cómo personalizarlo con sus fotos y colores?\n\nSaludos,\nEquipo Paragu-AI",https://wa.me/595981200260?text=%C2%A1Hola!%20%F0%9F%91%8B%0A%0ASoy%20de%20Paragu-AI%20%E2%9C%82%EF%B8%8F%20%E2%80%94%20ayudamos%20a%20negocios%20como%20Los%20Lapachos%20a%20tener%20presencia%20web%20profesional.%0A%0AMuchas%20peluquer%C3%ADas%20solo%20tienen%20Instagram%2C%20pero%20una%20p%C3%A1gina%20web%20les%20da%20mucha%20m%C3%A1s%20credibilidad%20y%20atrae%20clientes%20que%20buscan%20servicios%20espec%C3%ADficos.%20(%C2%A1135%20rese%C3%B1as%20en%20Google!)%0A%0A%C2%BFActualmente%20tienen%20p%C3%A1gina%20web%20o%20solo%20manejan%20redes%20sociales%3F%0A%0ASi%20les%20interesa%2C%20les%20mostramos%20un%20demo%20sin%20compromiso.%0AQuedamos%20atentos%2C%0AEquipo%20Paragu-AI,https://wa.me/595981200260?text=%C2%A1Hola%20de%20nuevo!%20%F0%9F%91%8B%0A%0APreparamos%20algo%20especial%20para%20Los%20Lapachos%3A%0A%0A%F0%9F%8C%90%20Los%20Lapachos%20%E2%80%94%20SITIO%20WEB%20DE%20DEMO%3A%0Ahttps%3A%2F%2Fparagu-ai.com%2Fs%2Fes%2Fpreview-los-lapachos%0A%0AEste%20demo%20est%C3%A1%20basado%20en%20lo%20que%20vimos%20de%20su%20negocio.%20Tiene%20secciones%20de%20servicios%2C%20galer%C3%ADa%2C%20equipo%2C%20contacto%20y%20m%C3%A1s.%20Se%20ve%20perfecto%20en%20celulares.%0A%0A%C2%BFLes%20gustar%C3%ADa%20agendar%20una%20llamada%20de%2010%20minutos%20para%20ver%20c%C3%B3mo%20personalizarlo%20con%20sus%20fotos%20y%20colores%3F%0A%0ASaludos%2C%0AEquipo%20Paragu-AI,""
75,"Hair Fashion",peluqueria,Puerto Iguazú,03757 45-1896,4.5,135,https://paragu-ai.com/s/es/preview-hair-fashion,"¡Hola! 👋\n\nSoy de Paragu-AI ✂️ — ayudamos a negocios como Hair Fashion a tener presencia web profesional.\n\nMuchas peluquerías solo tienen Instagram, pero una página web les da mucha más credibilidad y atrae clientes que buscan servicios específicos. (¡135 reseñas en Google!)\n\n¿Actualmente tienen página web o solo manejan redes sociales?\n\nSi les interesa, les mostramos un demo sin compromiso.\nQuedamos atentos,\nEquipo Paragu-AI","¡Hola de nuevo! 👋\n\nPreparamos algo especial para Hair Fashion:\n\n🌐 Hair Fashion — SITIO WEB DE DEMO:\nhttps://paragu-ai.com/s/es/preview-hair-fashion\n\nEste demo está basado en lo que vimos de su negocio. Tiene secciones de servicios, galería, equipo, contacto y más. Se ve perfecto en celulares.\n\n¿Les gustaría agendar una llamada de 10 minutos para ver cómo personalizarlo con sus fotos y colores?\n\nSaludos,\nEquipo Paragu-AI",https://wa.me/5953757451896?text=%C2%A1Hola!%20%F0%9F%91%8B%0A%0ASoy%20de%20Paragu-AI%20%E2%9C%82%EF%B8%8F%20%E2%80%94%20ayudamos%20a%20negocios%20como%20Hair%20Fashion%20a%20tener%20presencia%20web%20profesional.%0A%0AMuchas%20peluquer%C3%ADas%20solo%20tienen%20Instagram%2C%20pero%20una%20p%C3%A1gina%20web%20les%20da%20mucha%20m%C3%A1s%20credibilidad%20y%20atrae%20clientes%20que%20buscan%20servicios%20espec%C3%ADficos.%20(%C2%A1135%20rese%C3%B1as%20en%20Google!)%0A%0A%C2%BFActualmente%20tienen%20p%C3%A1gina%20web%20o%20solo%20manejan%20redes%20sociales%3F%0A%0ASi%20les%20interesa%2C%20les%20mostramos%20un%20demo%20sin%20compromiso.%0AQuedamos%20atentos%2C%0AEquipo%20Paragu-AI,https://wa.me/5953757451896?text=%C2%A1Hola%20de%20nuevo!%20%F0%9F%91%8B%0A%0APreparamos%20algo%20especial%20para%20Hair%20Fashion%3A%0A%0A%F0%9F%8C%90%20Hair%20Fashion%20%E2%80%94%20SITIO%20WEB%20DE%20DEMO%3A%0Ahttps%3A%2F%2Fparagu-ai.com%2Fs%2Fes%2Fpreview-hair-fashion%0A%0AEste%20demo%20est%C3%A1%20basado%20en%20lo%20que%20vimos%20de%20su%20negocio.%20Tiene%20secciones%20de%20servicios%2C%20galer%C3%ADa%2C%20equipo%2C%20contacto%20y%20m%C3%A1s.%20Se%20ve%20perfecto%20en%20celulares.%0A%0A%C2%BFLes%20gustar%C3%ADa%20agendar%20una%20llamada%20de%2010%20minutos%20para%20ver%20c%C3%B3mo%20personalizarlo%20con%20sus%20fotos%20y%20colores%3F%0A%0ASaludos%2C%0AEquipo%20Paragu-AI,""